movie_duration_id,show_id,minutes
0,1,90
1,7,91
2,8,125
3,10,104
4,13,127
5,14,91
6,17,67
7,19,94
8,23,161
9,24,61
10,25,166
11,27,147
12,28,103
13,29,97
14,30,106
15,31,111
16,36,110
17,37,105
18,39,96
19,42,124
20,43,116
21,44,98
22,45,91
23,46,23
24,47,115
25,49,122
26,52,99
27,53,99
28,54,88
29,55,100
30,57,102
31,58,93
32,59,96
33,60,95
34,61,85
35,62,97
36,63,95
37,64,83
38,65,103
39,69,113
40,72,13
41,74,182
42,76,106
43,78,48
44,79,145
45,80,145
46,81,93
47,82,106
48,85,147
49,87,87
50,89,96
51,91,95
52,92,92
53,94,91
54,95,90
55,97,97
56,102,80
57,104,117
58,106,128
59,108,90
60,113,119
61,114,110
62,115,143
63,116,119
64,117,114
65,118,94
66,119,106
67,120,99
68,123,118
69,127,115
70,128,95
71,129,115
72,130,108
73,131,63
74,132,117
75,134,121
76,135,142
77,136,113
78,137,154
79,138,95
80,139,108
81,140,120
82,141,100
83,142,82
84,143,124
85,144,114
86,145,104
87,146,94
88,147,94
89,150,93
90,151,97
91,152,109
92,153,88
93,156,101
94,157,105
95,158,102
96,159,101
97,160,103
98,162,106
99,163,118
100,164,86
101,165,121
102,167,229
103,168,76
104,169,95
105,170,98
106,171,89
107,172,120
108,173,110
109,174,83
110,175,121
111,176,105
112,177,94
113,178,156
114,179,112
115,180,95
116,181,107
117,183,114
118,184,129
119,186,86
120,189,97
121,191,125
122,192,107
123,193,127
124,196,128
125,197,92
126,200,135
127,201,124
128,202,136
129,203,165
130,204,124
131,205,136
132,206,150
133,207,112
134,208,119
135,209,133
136,210,142
137,211,93
138,212,113
139,215,124
140,216,116
141,217,106
142,218,145
143,222,93
144,228,95
145,229,108
146,230,90
147,231,86
148,232,92
149,234,82
150,236,70
151,237,122
152,238,122
153,239,122
154,240,122
155,241,84
156,245,96
157,247,115
158,248,110
159,250,88
160,251,102
161,252,91
162,253,105
163,254,135
164,256,86
165,257,140
166,258,133
167,259,92
168,260,82
169,262,97
170,263,78
171,265,94
172,268,121
173,269,97
174,271,110
175,279,64
176,280,59
177,282,101
178,283,127
179,284,90
180,285,114
181,286,108
182,291,70
183,293,98
184,294,86
185,295,139
186,296,111
187,299,115
188,300,102
189,301,100
190,302,135
191,303,69
192,304,95
193,305,97
194,306,124
195,307,118
196,308,115
197,309,115
198,315,104
199,316,106
200,318,102
201,319,97
202,326,87
203,327,88
204,328,114
205,329,90
206,330,142
207,331,90
208,333,105
209,334,103
210,335,116
211,336,113
212,338,99
213,340,96
214,341,148
215,342,189
216,343,97
217,344,102
218,345,99
219,346,85
220,347,112
221,348,91
222,349,91
223,350,141
224,351,130
225,352,98
226,353,105
227,354,101
228,355,105
229,356,118
230,357,97
231,358,102
232,359,114
233,360,111
234,361,125
235,363,76
236,364,118
237,366,103
238,368,114
239,372,95
240,373,138
241,374,112
242,375,94
243,376,102
244,378,92
245,379,81
246,384,143
247,385,86
248,388,132
249,390,117
250,393,165
251,394,91
252,395,97
253,396,97
254,397,123
255,399,94
256,403,111
257,405,85
258,406,65
259,407,64
260,408,68
261,409,67
262,410,66
263,411,64
264,412,64
265,413,65
266,414,64
267,415,68
268,416,68
269,417,64
270,418,62
271,419,63
272,420,69
273,421,70
274,422,63
275,423,68
276,424,74
277,425,68
278,427,99
279,428,90
280,429,87
281,430,105
282,433,106
283,434,102
284,437,91
285,438,88
286,439,107
287,440,101
288,442,114
289,444,123
290,446,94
291,447,105
292,448,117
293,449,115
294,450,124
295,451,131
296,452,122
297,453,113
298,455,91
299,456,100
300,458,93
301,459,90
302,461,86
303,462,100
304,463,96
305,464,95
306,465,115
307,468,100
308,469,102
309,470,87
310,471,39
311,472,110
312,474,93
313,475,96
314,476,93
315,477,93
316,480,111
317,481,105
318,482,101
319,484,102
320,485,46
321,486,89
322,487,94
323,490,104
324,492,97
325,493,91
326,495,106
327,496,38
328,497,90
329,499,87
330,501,138
331,502,105
332,503,104
333,506,85
334,507,92
335,508,108
336,509,95
337,519,105
338,529,116
339,530,124
340,532,101
341,535,95
342,542,128
343,543,143
344,551,107
345,552,136
346,553,94
347,555,136
348,556,126
349,557,116
350,558,100
351,559,115
352,560,125
353,561,39
354,562,94
355,563,90
356,564,95
357,565,155
358,567,98
359,568,108
360,569,96
361,570,117
362,571,118
363,573,103
364,574,94
365,575,93
366,576,115
367,577,120
368,579,145
369,580,126
370,581,96
371,582,101
372,583,118
373,584,109
374,585,89
375,586,106
376,587,101
377,590,101
378,592,123
379,593,106
380,594,89
381,595,128
382,596,85
383,597,89
384,598,108
385,599,105
386,600,133
387,601,129
388,602,127
389,603,113
390,604,112
391,605,130
392,606,100
393,607,103
394,608,85
395,609,124
396,610,103
397,611,121
398,612,89
399,613,92
400,614,112
401,615,114
402,616,116
403,617,110
404,619,98
405,620,98
406,623,100
407,624,90
408,625,92
409,630,82
410,631,97
411,633,90
412,634,76
413,635,83
414,636,101
415,637,109
416,642,97
417,644,87
418,645,94
419,646,89
420,647,88
421,650,108
422,651,96
423,652,84
424,653,70
425,655,125
426,656,119
427,657,105
428,671,133
429,672,140
430,673,120
431,684,135
432,686,111
433,688,159
434,689,119
435,690,139
436,691,137
437,694,101
438,695,13
439,696,12
440,699,101
441,702,96
442,703,122
443,705,95
444,706,89
445,709,98
446,712,119
447,713,138
448,717,104
449,718,273
450,719,101
451,722,99
452,723,84
453,725,82
454,728,97
455,729,89
456,730,36
457,731,34
458,733,36
459,736,113
460,737,110
461,739,36
462,740,102
463,741,86
464,742,91
465,743,117
466,744,99
467,746,77
468,747,97
469,748,106
470,751,97
471,753,104
472,755,110
473,756,61
474,757,98
475,758,74
476,760,60
477,761,60
478,763,103
479,765,94
480,766,112
481,767,49
482,769,111
483,770,58
484,771,72
485,774,78
486,775,101
487,776,110
488,777,94
489,778,70
490,780,118
491,782,99
492,783,103
493,784,95
494,785,93
495,787,101
496,788,101
497,789,89
498,791,109
499,792,104
500,793,90
501,794,109
502,795,145
503,797,88
504,798,132
505,799,109
506,800,133
507,801,85
508,802,104
509,803,99
510,805,93
511,807,204
512,808,212
513,809,98
514,810,101
515,811,94
516,812,25
517,813,99
518,815,108
519,816,106
520,817,128
521,818,104
522,819,127
523,820,136
524,822,97
525,823,88
526,824,97
527,825,97
528,827,88
529,828,103
530,829,97
531,830,88
532,835,97
533,837,118
534,839,70
535,840,91
536,841,92
537,842,120
538,845,73
539,846,110
540,847,94
541,850,61
542,851,131
543,852,131
544,853,131
545,854,148
546,855,29
547,857,107
548,859,99
549,860,92
550,861,91
551,862,47
552,864,88
553,865,116
554,866,109
555,867,92
556,868,87
557,871,101
558,872,140
559,873,89
560,874,81
561,876,116
562,878,99
563,879,107
564,882,107
565,883,90
566,886,104
567,888,100
568,889,32
569,890,102
570,892,105
571,893,107
572,894,64
573,895,99
574,896,102
575,899,126
576,900,119
577,902,86
578,904,122
579,905,95
580,906,104
581,907,118
582,908,85
583,910,98
584,911,99
585,913,35
586,914,107
587,915,97
588,916,112
589,917,118
590,918,109
591,923,109
592,925,88
593,927,97
594,929,97
595,930,99
596,931,95
597,932,91
598,933,115
599,934,93
600,935,109
601,936,96
602,938,78
603,939,87
604,940,76
605,941,76
606,942,71
607,943,138
608,944,113
609,945,94
610,946,89
611,947,121
612,948,127
613,949,94
614,950,89
615,951,136
616,952,89
617,953,99
618,954,93
619,955,85
620,956,102
621,957,101
622,959,113
623,960,128
624,962,114
625,963,85
626,965,121
627,967,95
628,970,121
629,971,116
630,972,91
631,974,149
632,975,113
633,976,33
634,977,127
635,978,101
636,979,102
637,980,102
638,981,107
639,982,123
640,983,98
641,984,95
642,985,101
643,986,104
644,987,104
645,988,103
646,990,111
647,991,102
648,992,15
649,993,54
650,995,120
651,996,106
652,997,116
653,999,58
654,1000,116
655,1001,126
656,1002,86
657,1003,97
658,1006,76
659,1007,80
660,1008,81
661,1009,84
662,1010,87
663,1011,91
664,1012,76
665,1014,132
666,1016,126
667,1017,101
668,1018,102
669,1019,147
670,1020,224
671,1021,141
672,1022,109
673,1023,162
674,1024,142
675,1025,93
676,1027,60
677,1028,119
678,1029,37
679,1030,96
680,1031,116
681,1032,102
682,1034,123
683,1035,102
684,1036,127
685,1037,88
686,1038,106
687,1040,65
688,1042,96
689,1047,88
690,1051,143
691,1053,137
692,1054,75
693,1055,71
694,1056,103
695,1067,130
696,1070,145
697,1071,84
698,1072,84
699,1073,77
700,1074,86
701,1075,79
702,1077,80
703,1078,81
704,1079,78
705,1081,118
706,1084,102
707,1086,132
708,1087,108
709,1088,133
710,1089,107
711,1090,32
712,1091,78
713,1093,55
714,1097,92
715,1098,86
716,1099,140
717,1100,143
718,1101,88
719,1102,89
720,1103,93
721,1104,97
722,1105,94
723,1106,112
724,1107,100
725,1108,120
726,1109,91
727,1110,98
728,1111,113
729,1112,98
730,1113,91
731,1114,158
732,1115,164
733,1116,133
734,1118,75
735,1119,103
736,1120,90
737,1121,116
738,1122,96
739,1123,121
740,1125,101
741,1127,173
742,1129,89
743,1131,182
744,1132,181
745,1133,185
746,1134,99
747,1135,88
748,1136,107
749,1137,114
750,1138,96
751,1139,149
752,1140,102
753,1141,83
754,1142,98
755,1143,83
756,1145,104
757,1146,111
758,1148,98
759,1151,93
760,1152,73
761,1154,141
762,1155,116
763,1156,21
764,1157,98
765,1158,87
766,1160,87
767,1161,95
768,1162,87
769,1163,93
770,1165,97
771,1166,114
772,1168,100
773,1171,105
774,1172,90
775,1173,60
776,1176,98
777,1177,108
778,1178,90
779,1179,102
780,1184,84
781,1185,120
782,1186,106
783,1188,115
784,1189,98
785,1190,60
786,1191,113
787,1192,101
788,1193,24
789,1194,51
790,1195,80
791,1196,100
792,1198,139
793,1199,74
794,1200,131
795,1203,131
796,1204,118
797,1205,87
798,1208,101
799,1209,97
800,1210,92
801,1212,136
802,1213,97
803,1215,103
804,1216,110
805,1217,105
806,1219,90
807,1220,107
808,1221,92
809,1222,94
810,1223,99
811,1229,97
812,1231,151
813,1233,108
814,1234,113
815,1237,81
816,1238,116
817,1240,119
818,1241,116
819,1242,112
820,1244,121
821,1245,115
822,1248,182
823,1249,98
824,1250,96
825,1251,42
826,1252,181
827,1253,100
828,1254,22
829,1255,134
830,1256,177
831,1257,94
832,1259,88
833,1260,119
834,1261,107
835,1262,112
836,1263,35
837,1264,103
838,1265,90
839,1266,120
840,1267,97
841,1268,102
842,1270,106
843,1274,119
844,1277,84
845,1279,58
846,1280,90
847,1281,109
848,1282,143
849,1284,112
850,1285,134
851,1287,123
852,1288,36
853,1289,123
854,1290,58
855,1291,118
856,1292,91
857,1293,76
858,1296,97
859,1298,85
860,1304,92
861,1305,139
862,1306,162
863,1308,92
864,1310,86
865,1312,107
866,1313,85
867,1316,83
868,1317,104
869,1319,116
870,1320,87
871,1323,91
872,1324,119
873,1325,102
874,1326,86
875,1327,102
876,1328,98
877,1330,99
878,1331,108
879,1334,114
880,1335,104
881,1337,88
882,1338,104
883,1341,123
884,1342,106
885,1343,138
886,1344,113
887,1345,107
888,1346,133
889,1347,97
890,1348,116
891,1352,123
892,1354,89
893,1358,93
894,1359,139
895,1360,112
896,1365,101
897,1367,113
898,1368,89
899,1369,107
900,1370,123
901,1371,113
902,1373,90
903,1375,52
904,1377,127
905,1379,95
906,1380,121
907,1382,108
908,1383,102
909,1387,95
910,1388,133
911,1389,127
912,1390,95
913,1391,101
914,1392,123
915,1394,89
916,1397,100
917,1398,108
918,1399,94
919,1400,103
920,1404,105
921,1406,116
922,1407,92
923,1408,65
924,1410,115
925,1411,96
926,1412,32
927,1413,102
928,1414,102
929,1415,101
930,1416,71
931,1418,81
932,1419,98
933,1421,90
934,1422,112
935,1423,161
936,1424,129
937,1425,85
938,1426,14
939,1427,148
940,1429,99
941,1432,97
942,1434,101
943,1435,89
944,1436,128
945,1437,76
946,1439,99
947,1442,126
948,1445,106
949,1446,101
950,1447,87
951,1448,111
952,1451,90
953,1452,91
954,1453,101
955,1454,96
956,1455,96
957,1457,148
958,1459,96
959,1460,98
960,1462,104
961,1465,53
962,1467,54
963,1468,113
964,1469,102
965,1470,118
966,1471,83
967,1472,77
968,1473,116
969,1475,116
970,1476,106
971,1482,105
972,1485,8
973,1486,110
974,1487,71
975,1489,91
976,1491,46
977,1492,109
978,1494,102
979,1495,101
980,1496,94
981,1497,110
982,1498,117
983,1499,85
984,1500,119
985,1501,115
986,1502,105
987,1503,68
988,1505,57
989,1508,28
990,1510,98
991,1511,95
992,1512,96
993,1513,66
994,1514,112
995,1516,84
996,1518,94
997,1519,32
998,1520,98
999,1522,85
1000,1523,120
1001,1524,83
1002,1525,94
1003,1526,102
1004,1527,111
1005,1530,90
1006,1532,111
1007,1535,110
1008,1537,87
1009,1538,132
1010,1541,117
1011,1543,50
1012,1545,106
1013,1550,125
1014,1551,107
1015,1554,59
1016,1557,28
1017,1558,9
1018,1559,91
1019,1561,132
1020,1562,133
1021,1564,109
1022,1566,107
1023,1567,111
1024,1568,108
1025,1569,105
1026,1572,119
1027,1576,104
1028,1577,83
1029,1578,90
1030,1581,79
1031,1582,24
1032,1583,115
1033,1585,97
1034,1589,26
1035,1592,46
1036,1593,106
1037,1595,113
1038,1596,133
1039,1598,93
1040,1599,108
1041,1600,96
1042,1601,25
1043,1602,101
1044,1603,106
1045,1605,54
1046,1607,118
1047,1608,58
1048,1609,117
1049,1610,48
1050,1611,139
1051,1613,115
1052,1614,109
1053,1617,91
1054,1618,60
1055,1621,102
1056,1622,120
1057,1625,149
1058,1627,91
1059,1630,99
1060,1631,106
1061,1632,108
1062,1633,45
1063,1634,93
1064,1636,22
1065,1637,81
1066,1638,98
1067,1643,100
1068,1644,112
1069,1645,114
1070,1646,68
1071,1647,103
1072,1648,121
1073,1649,95
1074,1651,87
1075,1652,115
1076,1653,171
1077,1654,171
1078,1656,46
1079,1657,117
1080,1658,84
1081,1660,98
1082,1661,83
1083,1663,97
1084,1664,99
1085,1665,108
1086,1666,93
1087,1667,42
1088,1670,13
1089,1672,64
1090,1674,162
1091,1675,130
1092,1676,108
1093,1677,129
1094,1678,105
1095,1679,133
1096,1680,142
1097,1681,128
1098,1682,97
1099,1683,107
1100,1684,135
1101,1686,84
1102,1687,70
1103,1690,124
1104,1691,102
1105,1692,84
1106,1695,95
1107,1696,84
1108,1700,120
1109,1701,87
1110,1703,75
1111,1704,124
1112,1705,92
1113,1706,95
1114,1708,107
1115,1710,123
1116,1711,85
1117,1713,150
1118,1714,97
1119,1715,88
1120,1720,74
1121,1721,93
1122,1726,151
1123,1728,82
1124,1729,148
1125,1730,95
1126,1732,90
1127,1733,103
1128,1735,87
1129,1736,102
1130,1737,96
1131,1739,87
1132,1740,86
1133,1742,136
1134,1743,60
1135,1744,127
1136,1745,96
1137,1746,15
1138,1748,100
1139,1750,87
1140,1752,28
1141,1753,27
1142,1754,90
1143,1762,102
1144,1763,94
1145,1764,81
1146,1765,134
1147,1768,114
1148,1769,107
1149,1771,107
1150,1773,130
1151,1775,87
1152,1776,93
1153,1777,114
1154,1778,91
1155,1781,116
1156,1784,93
1157,1785,106
1158,1786,105
1159,1787,50
1160,1788,93
1161,1789,103
1162,1790,114
1163,1793,95
1164,1794,50
1165,1796,150
1166,1797,100
1167,1798,117
1168,1799,87
1169,1802,100
1170,1803,86
1171,1806,102
1172,1807,87
1173,1808,103
1174,1809,112
1175,1810,120
1176,1811,111
1177,1812,78
1178,1813,51
1179,1815,123
1180,1816,46
1181,1817,102
1182,1818,106
1183,1819,112
1184,1820,101
1185,1821,96
1186,1822,103
1187,1823,94
1188,1824,69
1189,1825,81
1190,1826,76
1191,1827,108
1192,1828,94
1193,1830,106
1194,1831,98
1195,1832,93
1196,1833,99
1197,1834,93
1198,1836,82
1199,1837,107
1200,1839,104
1201,1843,130
1202,1844,83
1203,1845,99
1204,1846,77
1205,1847,94
1206,1850,118
1207,1851,87
1208,1854,42
1209,1856,101
1210,1857,80
1211,1858,110
1212,1859,117
1213,1860,47
1214,1862,165
1215,1863,134
1216,1864,140
1217,1866,150
1218,1867,156
1219,1868,86
1220,1870,126
1221,1871,100
1222,1872,25
1223,1873,124
1224,1875,100
1225,1877,106
1226,1880,104
1227,1882,96
1228,1883,90
1229,1884,33
1230,1885,81
1231,1887,84
1232,1888,44
1233,1889,115
1234,1892,94
1235,1893,22
1236,1897,107
1237,1898,115
1238,1899,93
1239,1900,107
1240,1901,86
1241,1902,112
1242,1903,102
1243,1904,91
1244,1905,83
1245,1906,73
1246,1910,139
1247,1912,95
1248,1913,101
1249,1914,75
1250,1917,87
1251,1920,91
1252,1921,120
1253,1922,123
1254,1925,95
1255,1927,84
1256,1928,29
1257,1931,28
1258,1932,122
1259,1933,28
1260,1935,98
1261,1936,59
1262,1937,80
1263,1938,103
1264,1939,104
1265,1940,146
1266,1941,135
1267,1942,129
1268,1943,115
1269,1944,143
1270,1945,173
1271,1946,129
1272,1947,149
1273,1951,98
1274,1954,115
1275,1957,44
1276,1958,127
1277,1960,124
1278,1961,85
1279,1963,20
1280,1964,102
1281,1965,129
1282,1966,124
1283,1967,118
1284,1968,111
1285,1969,125
1286,1970,94
1287,1971,130
1288,1972,117
1289,1973,137
1290,1975,139
1291,1976,111
1292,1977,103
1293,1978,120
1294,1982,98
1295,1983,130
1296,1985,96
1297,1986,61
1298,1987,137
1299,1988,90
1300,1993,69
1301,1996,139
1302,1997,94
1303,1998,92
1304,2000,80
1305,2001,63
1306,2002,88
1307,2004,105
1308,2005,93
1309,2006,140
1310,2008,103
1311,2011,102
1312,2012,93
1313,2015,69
1314,2016,133
1315,2017,157
1316,2018,116
1317,2019,112
1318,2020,96
1319,2021,127
1320,2024,130
1321,2025,93
1322,2026,138
1323,2027,138
1324,2028,92
1325,2029,110
1326,2030,102
1327,2031,113
1328,2032,96
1329,2035,108
1330,2036,94
1331,2037,99
1332,2039,86
1333,2040,98
1334,2042,111
1335,2044,97
1336,2046,135
1337,2047,93
1338,2049,94
1339,2050,117
1340,2051,63
1341,2052,73
1342,2053,91
1343,2056,93
1344,2057,101
1345,2058,93
1346,2060,96
1347,2061,112
1348,2062,72
1349,2066,112
1350,2068,72
1351,2072,92
1352,2073,109
1353,2075,155
1354,2076,109
1355,2077,115
1356,2078,97
1357,2080,103
1358,2082,24
1359,2083,110
1360,2084,97
1361,2085,94
1362,2088,107
1363,2089,97
1364,2091,103
1365,2092,88
1366,2093,111
1367,2095,94
1368,2096,33
1369,2098,107
1370,2101,110
1371,2104,98
1372,2105,81
1373,2108,104
1374,2110,17
1375,2111,121
1376,2112,100
1377,2115,70
1378,2116,97
1379,2117,75
1380,2118,102
1381,2120,88
1382,2121,158
1383,2122,102
1384,2127,203
1385,2129,59
1386,2130,92
1387,2131,104
1388,2132,72
1389,2133,113
1390,2138,93
1391,2139,119
1392,2140,105
1393,2142,113
1394,2143,93
1395,2144,44
1396,2147,110
1397,2148,113
1398,2150,90
1399,2151,82
1400,2155,69
1401,2156,46
1402,2160,94
1403,2162,72
1404,2164,95
1405,2165,101
1406,2167,21
1407,2168,71
1408,2170,64
1409,2172,92
1410,2173,80
1411,2177,104
1412,2178,25
1413,2180,111
1414,2183,72
1415,2184,99
1416,2186,83
1417,2187,150
1418,2188,108
1419,2189,44
1420,2192,102
1421,2194,137
1422,2196,112
1423,2197,102
1424,2198,103
1425,2199,136
1426,2200,41
1427,2201,88
1428,2203,84
1429,2205,114
1430,2206,110
1431,2207,103
1432,2208,106
1433,2209,46
1434,2210,115
1435,2211,140
1436,2212,124
1437,2214,133
1438,2216,91
1439,2217,30
1440,2220,67
1441,2221,105
1442,2222,58
1443,2225,87
1444,2229,100
1445,2232,95
1446,2233,90
1447,2234,102
1448,2235,98
1449,2237,68
1450,2240,104
1451,2241,89
1452,2243,62
1453,2244,86
1454,2245,104
1455,2248,101
1456,2249,17
1457,2251,126
1458,2253,120
1459,2257,89
1460,2258,96
1461,2260,91
1462,2261,86
1463,2262,67
1464,2263,89
1465,2264,65
1466,2265,151
1467,2266,116
1468,2267,110
1469,2268,123
1470,2269,139
1471,2270,95
1472,2271,121
1473,2272,127
1474,2273,162
1475,2274,128
1476,2275,112
1477,2277,125
1478,2278,128
1479,2279,120
1480,2280,86
1481,2281,107
1482,2282,129
1483,2283,135
1484,2284,97
1485,2285,125
1486,2286,162
1487,2287,136
1488,2288,138
1489,2289,126
1490,2290,137
1491,2291,114
1492,2292,96
1493,2295,107
1494,2296,89
1495,2297,94
1496,2301,148
1497,2303,82
1498,2305,95
1499,2309,120
1500,2310,115
1501,2311,107
1502,2312,105
1503,2313,134
1504,2315,128
1505,2316,103
1506,2317,96
1507,2318,114
1508,2320,102
1509,2322,52
1510,2324,86
1511,2325,104
1512,2326,76
1513,2327,135
1514,2329,99
1515,2331,124
1516,2333,117
1517,2334,107
1518,2335,111
1519,2336,116
1520,2337,135
1521,2339,126
1522,2340,164
1523,2341,166
1524,2342,104
1525,2343,94
1526,2345,92
1527,2346,52
1528,2348,112
1529,2349,90
1530,2351,101
1531,2352,84
1532,2354,112
1533,2355,136
1534,2356,108
1535,2357,110
1536,2359,93
1537,2361,90
1538,2362,130
1539,2364,128
1540,2365,104
1541,2366,131
1542,2367,109
1543,2368,129
1544,2369,73
1545,2370,104
1546,2371,48
1547,2372,114
1548,2373,86
1549,2374,194
1550,2375,76
1551,2376,116
1552,2377,130
1553,2378,85
1554,2380,108
1555,2381,81
1556,2382,76
1557,2383,92
1558,2385,85
1559,2386,85
1560,2387,108
1561,2388,120
1562,2390,117
1563,2392,100
1564,2393,101
1565,2394,156
1566,2398,55
1567,2399,96
1568,2403,104
1569,2404,101
1570,2408,113
1571,2411,126
1572,2412,98
1573,2413,114
1574,2414,132
1575,2415,92
1576,2417,90
1577,2419,86
1578,2420,103
1579,2421,114
1580,2422,115
1581,2425,149
1582,2426,96
1583,2428,102
1584,2429,105
1585,2430,114
1586,2431,94
1587,2432,83
1588,2434,106
1589,2435,116
1590,2436,109
1591,2437,97
1592,2438,100
1593,2439,116
1594,2440,111
1595,2441,24
1596,2442,95
1597,2443,135
1598,2444,95
1599,2446,92
1600,2447,100
1601,2449,80
1602,2452,98
1603,2455,104
1604,2456,98
1605,2457,104
1606,2458,99
1607,2459,68
1608,2461,106
1609,2464,71
1610,2465,80
1611,2466,116
1612,2468,112
1613,2469,73
1614,2470,110
1615,2472,135
1616,2475,128
1617,2476,93
1618,2478,149
1619,2479,54
1620,2480,87
1621,2482,102
1622,2483,177
1623,2484,204
1624,2485,233
1625,2486,98
1626,2488,237
1627,2489,230
1628,2490,173
1629,2491,195
1630,2492,253
1631,2493,157
1632,2494,97
1633,2495,85
1634,2497,94
1635,2498,80
1636,2499,94
1637,2501,92
1638,2502,105
1639,2503,120
1640,2504,96
1641,2505,107
1642,2506,93
1643,2507,101
1644,2510,110
1645,2511,112
1646,2512,93
1647,2513,109
1648,2514,105
1649,2517,97
1650,2521,91
1651,2522,88
1652,2532,109
1653,2533,118
1654,2534,109
1655,2535,131
1656,2536,91
1657,2537,152
1658,2538,67
1659,2539,72
1660,2540,83
1661,2541,90
1662,2542,106
1663,2544,190
1664,2545,129
1665,2546,160
1666,2548,86
1667,2550,92
1668,2551,114
1669,2556,90
1670,2557,94
1671,2559,86
1672,2560,89
1673,2561,107
1674,2562,61
1675,2563,93
1676,2564,81
1677,2565,120
1678,2567,94
1679,2568,91
1680,2571,104
1681,2572,76
1682,2573,90
1683,2574,103
1684,2577,122
1685,2578,97
1686,2579,98
1687,2580,42
1688,2582,90
1689,2583,91
1690,2585,94
1691,2588,107
1692,2590,143
1693,2592,105
1694,2593,116
1695,2594,23
1696,2595,23
1697,2596,23
1698,2597,105
1699,2598,97
1700,2602,105
1701,2605,83
1702,2606,109
1703,2608,111
1704,2609,97
1705,2611,132
1706,2613,102
1707,2614,107
1708,2615,100
1709,2616,115
1710,2617,104
1711,2618,110
1712,2619,100
1713,2620,111
1714,2621,108
1715,2622,104
1716,2623,116
1717,2624,106
1718,2625,96
1719,2626,140
1720,2627,107
1721,2630,138
1722,2631,132
1723,2633,208
1724,2634,105
1725,2635,101
1726,2636,124
1727,2637,93
1728,2638,110
1729,2639,115
1730,2643,107
1731,2645,72
1732,2647,107
1733,2648,95
1734,2650,180
1735,2651,135
1736,2653,87
1737,2654,94
1738,2655,105
1739,2656,93
1740,2657,92
1741,2664,144
1742,2668,101
1743,2669,81
1744,2672,95
1745,2673,119
1746,2674,121
1747,2675,88
1748,2678,106
1749,2679,119
1750,2680,63
1751,2681,82
1752,2682,95
1753,2683,93
1754,2684,120
1755,2686,147
1756,2687,55
1757,2688,107
1758,2689,92
1759,2690,85
1760,2691,98
1761,2693,92
1762,2694,101
1763,2695,112
1764,2696,103
1765,2698,91
1766,2701,96
1767,2702,104
1768,2703,66
1769,2704,83
1770,2705,111
1771,2706,90
1772,2707,121
1773,2708,121
1774,2710,88
1775,2712,57
1776,2713,107
1777,2714,5
1778,2715,91
1779,2716,174
1780,2717,155
1781,2718,87
1782,2720,77
1783,2721,142
1784,2722,170
1785,2723,165
1786,2724,161
1787,2725,144
1788,2726,149
1789,2727,135
1790,2729,131
1791,2730,126
1792,2731,192
1793,2732,209
1794,2733,187
1795,2734,138
1796,2735,185
1797,2736,143
1798,2738,97
1799,2739,172
1800,2742,103
1801,2745,83
1802,2746,107
1803,2748,114
1804,2750,93
1805,2751,85
1806,2754,85
1807,2755,131
1808,2756,101
1809,2757,107
1810,2758,84
1811,2759,104
1812,2761,160
1813,2763,103
1814,2764,46
1815,2767,112
1816,2769,83
1817,2770,72
1818,2771,24
1819,2772,104
1820,2774,72
1821,2776,113
1822,2777,21
1823,2779,100
1824,2780,108
1825,2781,99
1826,2782,104
1827,2783,70
1828,2787,93
1829,2790,95
1830,2797,109
1831,2799,91
1832,2800,75
1833,2801,100
1834,2802,95
1835,2804,113
1836,2806,91
1837,2807,62
1838,2810,93
1839,2811,135
1840,2812,23
1841,2813,23
1842,2815,23
1843,2816,101
1844,2818,98
1845,2820,103
1846,2821,106
1847,2823,95
1848,2824,132
1849,2829,82
1850,2830,71
1851,2831,16
1852,2832,104
1853,2833,79
1854,2834,120
1855,2835,82
1856,2836,115
1857,2837,111
1858,2838,110
1859,2840,121
1860,2841,162
1861,2843,108
1862,2844,186
1863,2845,116
1864,2846,154
1865,2848,105
1866,2849,71
1867,2850,61
1868,2851,133
1869,2852,98
1870,2853,119
1871,2854,61
1872,2857,130
1873,2859,11
1874,2860,87
1875,2861,127
1876,2862,87
1877,2863,88
1878,2864,158
1879,2865,82
1880,2866,93
1881,2867,90
1882,2868,109
1883,2870,72
1884,2874,162
1885,2877,98
1886,2879,103
1887,2880,97
1888,2882,94
1889,2883,101
1890,2885,138
1891,2886,109
1892,2887,50
1893,2888,110
1894,2890,92
1895,2896,120
1896,2897,101
1897,2898,116
1898,2899,117
1899,2900,95
1900,2902,93
1901,2904,122
1902,2905,102
1903,2906,96
1904,2908,93
1905,2909,93
1906,2910,72
1907,2912,87
1908,2913,95
1909,2914,33
1910,2915,113
1911,2916,118
1912,2917,171
1913,2919,100
1914,2920,103
1915,2925,86
1916,2926,102
1917,2928,81
1918,2929,101
1919,2930,73
1920,2931,96
1921,2933,106
1922,2934,88
1923,2935,103
1924,2936,139
1925,2937,89
1926,2940,104
1927,2941,124
1928,2944,112
1929,2947,70
1930,2950,106
1931,2951,97
1932,2952,106
1933,2953,60
1934,2955,148
1935,2956,122
1936,2957,86
1937,2958,193
1938,2961,92
1939,2962,94
1940,2964,82
1941,2965,59
1942,2969,89
1943,2970,176
1944,2971,116
1945,2973,86
1946,2974,93
1947,2976,85
1948,2979,62
1949,2982,112
1950,2986,121
1951,2987,133
1952,2988,76
1953,2989,82
1954,2990,156
1955,2991,90
1956,2996,97
1957,2997,51
1958,3003,98
1959,3004,61
1960,3005,116
1961,3007,132
1962,3008,17
1963,3009,91
1964,3010,121
1965,3015,78
1966,3017,95
1967,3018,86
1968,3019,132
1969,3020,107
1970,3022,122
1971,3023,95
1972,3024,108
1973,3026,99
1974,3027,103
1975,3028,66
1976,3030,132
1977,3032,56
1978,3033,128
1979,3039,119
1980,3042,97
1981,3044,92
1982,3045,102
1983,3047,90
1984,3049,129
1985,3052,106
1986,3055,105
1987,3058,78
1988,3059,79
1989,3060,78
1990,3061,145
1991,3062,71
1992,3063,83
1993,3065,81
1994,3069,119
1995,3070,98
1996,3071,102
1997,3073,88
1998,3074,97
1999,3078,110
2000,3079,85
2001,3081,90
2002,3082,89
2003,3090,120
2004,3091,102
2005,3092,73
2006,3094,103
2007,3095,79
2008,3098,97
2009,3099,91
2010,3100,96
2011,3101,103
2012,3102,95
2013,3103,83
2014,3105,117
2015,3106,70
2016,3108,90
2017,3110,86
2018,3111,86
2019,3113,113
2020,3114,82
2021,3115,141
2022,3116,107
2023,3117,126
2024,3119,25
2025,3124,63
2026,3125,136
2027,3126,120
2028,3127,134
2029,3132,185
2030,3133,174
2031,3134,169
2032,3135,148
2033,3136,135
2034,3137,135
2035,3139,89
2036,3140,119
2037,3141,98
2038,3142,135
2039,3143,185
2040,3144,156
2041,3145,104
2042,3146,139
2043,3148,140
2044,3150,154
2045,3151,129
2046,3152,99
2047,3153,100
2048,3154,110
2049,3155,107
2050,3156,95
2051,3157,89
2052,3158,65
2053,3159,143
2054,3160,101
2055,3161,60
2056,3162,29
2057,3163,92
2058,3164,172
2059,3165,97
2060,3167,108
2061,3168,107
2062,3170,137
2063,3171,106
2064,3172,115
2065,3173,46
2066,3179,92
2067,3180,93
2068,3181,85
2069,3182,24
2070,3187,56
2071,3189,86
2072,3190,127
2073,3191,93
2074,3192,94
2075,3194,120
2076,3195,108
2077,3196,135
2078,3197,111
2079,3198,134
2080,3199,137
2081,3201,103
2082,3202,133
2083,3203,95
2084,3204,126
2085,3206,67
2086,3207,135
2087,3208,106
2088,3210,107
2089,3211,81
2090,3212,107
2091,3214,118
2092,3215,110
2093,3216,104
2094,3218,93
2095,3219,94
2096,3224,137
2097,3225,134
2098,3226,69
2099,3227,106
2100,3228,209
2101,3229,86
2102,3230,24
2103,3232,46
2104,3234,117
2105,3235,87
2106,3236,121
2107,3238,97
2108,3240,121
2109,3241,56
2110,3245,119
2111,3249,93
2112,3251,86
2113,3252,134
2114,3254,28
2115,3255,131
2116,3257,78
2117,3260,93
2118,3261,84
2119,3262,107
2120,3263,101
2121,3265,107
2122,3266,74
2123,3267,60
2124,3268,143
2125,3269,105
2126,3273,110
2127,3274,98
2128,3279,74
2129,3281,46
2130,3286,54
2131,3290,59
2132,3291,100
2133,3293,88
2134,3297,93
2135,3298,94
2136,3300,121
2137,3301,78
2138,3303,116
2139,3304,87
2140,3306,61
2141,3308,98
2142,3309,123
2143,3310,85
2144,3312,78
2145,3313,103
2146,3315,44
2147,3316,68
2148,3318,68
2149,3319,69
2150,3320,81
2151,3321,69
2152,3322,68
2153,3323,68
2154,3324,86
2155,3325,40
2156,3327,94
2157,3330,90
2158,3332,112
2159,3333,101
2160,3335,119
2161,3336,40
2162,3338,86
2163,3339,92
2164,3344,91
2165,3347,36
2166,3348,141
2167,3349,107
2168,3350,97
2169,3351,24
2170,3354,89
2171,3355,65
2172,3360,126
2173,3363,63
2174,3365,14
2175,3366,28
2176,3367,20
2177,3372,106
2178,3373,118
2179,3375,127
2180,3377,61
2181,3380,86
2182,3381,94
2183,3384,82
2184,3385,92
2185,3387,52
2186,3388,108
2187,3389,67
2188,3390,91
2189,3391,66
2190,3392,118
2191,3393,87
2192,3395,47
2193,3396,56
2194,3397,61
2195,3398,34
2196,3399,98
2197,3400,99
2198,3403,95
2199,3406,100
2200,3408,101
2201,3409,86
2202,3410,96
2203,3412,99
2204,3413,112
2205,3414,127
2206,3418,22
2207,3419,78
2208,3420,63
2209,3422,97
2210,3423,86
2211,3425,62
2212,3426,96
2213,3428,104
2214,3429,123
2215,3430,100
2216,3432,99
2217,3433,151
2218,3435,102
2219,3437,154
2220,3439,106
2221,3440,87
2222,3442,70
2223,3443,46
2224,3444,101
2225,3447,109
2226,3448,100
2227,3449,110
2228,3451,102
2229,3452,102
2230,3457,24
2231,3460,98
2232,3461,76
2233,3466,90
2234,3469,59
2235,3470,58
2236,3472,64
2237,3473,79
2238,3476,81
2239,3477,81
2240,3479,64
2241,3480,45
2242,3481,90
2243,3483,102
2244,3485,116
2245,3486,42
2246,3487,133
2247,3488,108
2248,3491,38
2249,3493,146
2250,3494,146
2251,3495,106
2252,3496,58
2253,3497,152
2254,3498,87
2255,3499,121
2256,3501,83
2257,3508,111
2258,3509,24
2259,3510,171
2260,3512,88
2261,3513,76
2262,3514,64
2263,3515,94
2264,3517,157
2265,3518,83
2266,3519,65
2267,3521,105
2268,3523,107
2269,3524,103
2270,3529,67
2271,3530,96
2272,3531,125
2273,3532,142
2274,3533,133
2275,3534,100
2276,3536,10
2277,3537,128
2278,3538,93
2279,3539,81
2280,3543,82
2281,3545,47
2282,3546,95
2283,3548,84
2284,3549,91
2285,3550,102
2286,3555,100
2287,3556,98
2288,3557,110
2289,3558,85
2290,3560,66
2291,3561,92
2292,3564,133
2293,3565,135
2294,3566,120
2295,3567,118
2296,3568,110
2297,3569,98
2298,3570,98
2299,3571,98
2300,3573,104
2301,3574,63
2302,3575,52
2303,3581,72
2304,3583,117
2305,3584,100
2306,3585,24
2307,3587,86
2308,3592,69
2309,3594,119
2310,3595,123
2311,3596,93
2312,3597,109
2313,3600,66
2314,3603,107
2315,3604,46
2316,3617,117
2317,3618,67
2318,3619,114
2319,3620,67
2320,3621,77
2321,3622,105
2322,3623,63
2323,3624,59
2324,3626,102
2325,3627,81
2326,3629,84
2327,3630,101
2328,3631,116
2329,3632,177
2330,3635,130
2331,3636,59
2332,3638,111
2333,3639,100
2334,3640,77
2335,3642,93
2336,3644,114
2337,3646,58
2338,3647,56
2339,3648,110
2340,3649,98
2341,3650,106
2342,3651,102
2343,3653,81
2344,3658,98
2345,3659,136
2346,3662,161
2347,3663,32
2348,3669,105
2349,3671,106
2350,3673,90
2351,3676,87
2352,3677,91
2353,3679,106
2354,3680,65
2355,3682,105
2356,3684,40
2357,3694,66
2358,3698,61
2359,3699,122
2360,3700,141
2361,3702,176
2362,3704,73
2363,3707,87
2364,3710,15
2365,3712,55
2366,3713,141
2367,3714,122
2368,3715,109
2369,3716,63
2370,3718,96
2371,3719,113
2372,3721,69
2373,3729,87
2374,3730,116
2375,3731,116
2376,3732,110
2377,3733,122
2378,3734,59
2379,3735,88
2380,3736,91
2381,3739,40
2382,3740,113
2383,3741,90
2384,3748,95
2385,3754,98
2386,3757,61
2387,3758,117
2388,3759,60
2389,3760,142
2390,3762,74
2391,3764,119
2392,3765,114
2393,3766,125
2394,3767,71
2395,3768,110
2396,3769,127
2397,3772,118
2398,3773,90
2399,3774,130
2400,3776,12
2401,3777,62
2402,3778,3
2403,3782,114
2404,3784,128
2405,3786,109
2406,3787,109
2407,3789,101
2408,3791,103
2409,3792,98
2410,3794,123
2411,3796,38
2412,3798,101
2413,3799,99
2414,3801,91
2415,3803,30
2416,3804,30
2417,3805,137
2418,3806,66
2419,3810,70
2420,3811,87
2421,3812,88
2422,3814,90
2423,3815,84
2424,3816,53
2425,3817,87
2426,3819,90
2427,3820,96
2428,3821,94
2429,3823,108
2430,3826,102
2431,3828,61
2432,3829,94
2433,3830,70
2434,3831,88
2435,3833,100
2436,3834,111
2437,3835,128
2438,3837,98
2439,3842,104
2440,3843,126
2441,3858,86
2442,3859,125
2443,3860,40
2444,3863,79
2445,3864,110
2446,3866,128
2447,3867,110
2448,3869,116
2449,3870,119
2450,3872,90
2451,3873,88
2452,3874,104
2453,3875,140
2454,3876,92
2455,3878,64
2456,3886,119
2457,3889,91
2458,3890,122
2459,3891,125
2460,3892,49
2461,3895,168
2462,3896,98
2463,3897,77
2464,3900,102
2465,3904,92
2466,3905,111
2467,3906,113
2468,3907,54
2469,3908,138
2470,3909,123
2471,3910,59
2472,3911,102
2473,3912,141
2474,3913,95
2475,3914,111
2476,3915,131
2477,3916,116
2478,3917,119
2479,3918,146
2480,3919,101
2481,3920,87
2482,3922,94
2483,3923,133
2484,3924,135
2485,3925,61
2486,3927,91
2487,3930,59
2488,3931,91
2489,3933,131
2490,3934,170
2491,3936,88
2492,3940,170
2493,3946,92
2494,3948,59
2495,3949,126
2496,3951,120
2497,3952,76
2498,3953,60
2499,3955,103
2500,3956,124
2501,3958,91
2502,3960,88
2503,3961,81
2504,3963,124
2505,3964,102
2506,3967,132
2507,3968,87
2508,3973,75
2509,3974,126
2510,3975,61
2511,3976,126
2512,3978,108
2513,3979,100
2514,3983,129
2515,3984,71
2516,3986,108
2517,3988,60
2518,3991,105
2519,3992,115
2520,3993,118
2521,3994,130
2522,3995,115
2523,3996,69
2524,3998,97
2525,4000,61
2526,4001,92
2527,4003,108
2528,4004,104
2529,4005,65
2530,4006,106
2531,4008,69
2532,4009,97
2533,4010,80
2534,4011,85
2535,4012,98
2536,4014,115
2537,4018,117
2538,4019,132
2539,4020,127
2540,4021,125
2541,4022,128
2542,4025,126
2543,4026,58
2544,4032,116
2545,4034,90
2546,4035,111
2547,4037,100
2548,4038,99
2549,4039,105
2550,4040,128
2551,4041,91
2552,4042,127
2553,4046,94
2554,4047,124
2555,4048,103
2556,4049,118
2557,4050,162
2558,4051,89
2559,4052,89
2560,4053,108
2561,4054,103
2562,4059,87
2563,4060,93
2564,4061,90
2565,4062,131
2566,4063,114
2567,4065,107
2568,4066,97
2569,4067,103
2570,4068,125
2571,4069,130
2572,4070,119
2573,4071,110
2574,4072,120
2575,4073,102
2576,4074,125
2577,4075,127
2578,4076,121
2579,4077,113
2580,4078,118
2581,4079,132
2582,4081,61
2583,4082,80
2584,4083,110
2585,4084,70
2586,4086,117
2587,4087,89
2588,4088,84
2589,4089,131
2590,4092,139
2591,4093,42
2592,4094,79
2593,4095,96
2594,4096,114
2595,4097,99
2596,4098,111
2597,4099,112
2598,4100,96
2599,4101,103
2600,4102,104
2601,4103,102
2602,4104,97
2603,4107,132
2604,4108,120
2605,4109,137
2606,4111,82
2607,4113,115
2608,4114,130
2609,4116,62
2610,4118,26
2611,4121,91
2612,4122,63
2613,4124,74
2614,4125,136
2615,4129,59
2616,4134,91
2617,4135,93
2618,4136,84
2619,4137,100
2620,4138,51
2621,4139,22
2622,4140,22
2623,4141,22
2624,4146,24
2625,4147,113
2626,4148,110
2627,4149,120
2628,4151,56
2629,4152,127
2630,4153,74
2631,4154,91
2632,4155,137
2633,4156,86
2634,4157,106
2635,4158,125
2636,4159,114
2637,4160,143
2638,4161,121
2639,4162,119
2640,4165,150
2641,4166,88
2642,4170,105
2643,4171,119
2644,4174,96
2645,4176,95
2646,4177,98
2647,4178,96
2648,4181,96
2649,4182,90
2650,4183,97
2651,4186,90
2652,4187,88
2653,4188,105
2654,4189,127
2655,4191,125
2656,4192,116
2657,4193,102
2658,4194,65
2659,4195,106
2660,4196,117
2661,4198,136
2662,4199,104
2663,4204,65
2664,4205,91
2665,4206,99
2666,4209,91
2667,4210,117
2668,4211,95
2669,4212,101
2670,4213,102
2671,4214,122
2672,4215,95
2673,4218,92
2674,4220,111
2675,4222,115
2676,4223,61
2677,4224,97
2678,4225,120
2679,4226,148
2680,4229,48
2681,4230,28
2682,4231,34
2683,4232,61
2684,4233,56
2685,4234,81
2686,4235,68
2687,4236,58
2688,4237,100
2689,4238,50
2690,4239,49
2691,4240,71
2692,4241,29
2693,4242,108
2694,4243,125
2695,4244,100
2696,4245,30
2697,4246,30
2698,4247,146
2699,4248,127
2700,4249,46
2701,4250,57
2702,4253,122
2703,4254,312
2704,4256,109
2705,4259,73
2706,4260,96
2707,4268,105
2708,4269,124
2709,4276,105
2710,4278,78
2711,4279,22
2712,4281,95
2713,4282,82
2714,4283,89
2715,4284,90
2716,4286,85
2717,4287,29
2718,4288,137
2719,4290,27
2720,4292,112
2721,4293,112
2722,4294,153
2723,4295,123
2724,4296,90
2725,4298,84
2726,4299,78
2727,4300,79
2728,4301,73
2729,4302,83
2730,4303,83
2731,4304,145
2732,4307,135
2733,4314,35
2734,4315,68
2735,4316,96
2736,4318,110
2737,4319,58
2738,4320,105
2739,4323,59
2740,4324,28
2741,4325,98
2742,4326,63
2743,4329,155
2744,4330,122
2745,4331,87
2746,4332,73
2747,4333,98
2748,4334,130
2749,4335,105
2750,4336,110
2751,4337,81
2752,4338,115
2753,4339,113
2754,4340,146
2755,4342,118
2756,4343,109
2757,4344,117
2758,4345,23
2759,4346,95
2760,4347,124
2761,4348,90
2762,4349,96
2763,4350,96
2764,4352,93
2765,4353,30
2766,4355,82
2767,4356,127
2768,4358,114
2769,4359,119
2770,4361,101
2771,4362,96
2772,4365,44
2773,4370,104
2774,4371,91
2775,4374,91
2776,4375,114
2777,4376,91
2778,4378,64
2779,4379,89
2780,4383,95
2781,4384,94
2782,4386,133
2783,4387,102
2784,4389,122
2785,4391,86
2786,4392,111
2787,4393,111
2788,4394,136
2789,4395,121
2790,4396,119
2791,4397,115
2792,4398,128
2793,4399,92
2794,4402,99
2795,4403,106
2796,4405,122
2797,4412,129
2798,4413,90
2799,4415,116
2800,4417,59
2801,4418,95
2802,4419,122
2803,4420,98
2804,4421,117
2805,4422,95
2806,4423,146
2807,4424,136
2808,4425,91
2809,4426,123
2810,4427,144
2811,4428,121
2812,4429,91
2813,4430,158
2814,4432,157
2815,4433,124
2816,4434,106
2817,4435,92
2818,4436,80
2819,4438,126
2820,4439,129
2821,4440,133
2822,4441,109
2823,4442,143
2824,4443,140
2825,4444,150
2826,4445,128
2827,4446,120
2828,4447,154
2829,4448,45
2830,4449,132
2831,4450,126
2832,4451,95
2833,4452,135
2834,4453,139
2835,4454,131
2836,4455,118
2837,4456,129
2838,4457,131
2839,4458,146
2840,4459,123
2841,4460,141
2842,4461,93
2843,4463,91
2844,4464,106
2845,4465,131
2846,4466,95
2847,4467,104
2848,4468,126
2849,4469,118
2850,4471,94
2851,4472,100
2852,4473,126
2853,4474,90
2854,4475,87
2855,4476,97
2856,4478,115
2857,4481,93
2858,4482,138
2859,4483,74
2860,4485,102
2861,4487,104
2862,4491,51
2863,4492,50
2864,4493,86
2865,4494,140
2866,4497,122
2867,4498,23
2868,4500,95
2869,4501,121
2870,4503,131
2871,4506,63
2872,4507,150
2873,4508,159
2874,4510,131
2875,4511,130
2876,4513,99
2877,4514,86
2878,4516,106
2879,4517,57
2880,4520,97
2881,4523,144
2882,4525,110
2883,4526,57
2884,4527,119
2885,4529,94
2886,4533,89
2887,4534,124
2888,4535,25
2889,4538,121
2890,4539,88
2891,4540,111
2892,4541,81
2893,4542,64
2894,4544,55
2895,4545,137
2896,4546,56
2897,4547,58
2898,4548,80
2899,4549,94
2900,4553,94
2901,4555,72
2902,4556,60
2903,4557,140
2904,4558,91
2905,4559,97
2906,4560,146
2907,4561,118
2908,4562,128
2909,4563,137
2910,4564,145
2911,4565,141
2912,4566,106
2913,4567,135
2914,4568,137
2915,4569,129
2916,4570,99
2917,4572,155
2918,4573,142
2919,4574,214
2920,4575,137
2921,4576,128
2922,4577,151
2923,4578,121
2924,4579,101
2925,4580,145
2926,4581,147
2927,4582,90
2928,4583,129
2929,4584,129
2930,4585,136
2931,4586,117
2932,4587,150
2933,4588,134
2934,4589,100
2935,4590,44
2936,4591,44
2937,4592,111
2938,4593,147
2939,4594,115
2940,4595,121
2941,4596,103
2942,4597,73
2943,4598,129
2944,4599,102
2945,4600,122
2946,4601,155
2947,4602,139
2948,4603,131
2949,4604,127
2950,4606,156
2951,4607,91
2952,4608,132
2953,4610,130
2954,4611,137
2955,4612,156
2956,4613,132
2957,4614,119
2958,4615,140
2959,4616,126
2960,4617,107
2961,4618,111
2962,4619,130
2963,4620,126
2964,4621,24
2965,4625,108
2966,4626,117
2967,4627,101
2968,4631,124
2969,4632,63
2970,4642,114
2971,4643,98
2972,4645,100
2973,4647,100
2974,4650,123
2975,4654,77
2976,4657,106
2977,4658,106
2978,4660,102
2979,4661,146
2980,4662,96
2981,4666,104
2982,4667,109
2983,4668,110
2984,4669,110
2985,4670,101
2986,4672,94
2987,4676,101
2988,4680,141
2989,4681,120
2990,4682,140
2991,4684,50
2992,4685,57
2993,4687,31
2994,4689,90
2995,4691,110
2996,4692,162
2997,4693,139
2998,4694,130
2999,4695,145
3000,4696,33
3001,4698,114
3002,4699,100
3003,4700,54
3004,4701,150
3005,4702,105
3006,4706,124
3007,4707,95
3008,4708,12
3009,4709,104
3010,4713,143
3011,4714,127
3012,4715,100
3013,4716,74
3014,4719,104
3015,4720,148
3016,4721,127
3017,4722,158
3018,4723,124
3019,4724,163
3020,4725,121
3021,4726,154
3022,4727,127
3023,4728,128
3024,4729,98
3025,4730,109
3026,4731,168
3027,4732,162
3028,4733,159
3029,4734,137
3030,4735,133
3031,4736,127
3032,4737,131
3033,4738,90
3034,4740,88
3035,4741,87
3036,4746,82
3037,4747,86
3038,4749,100
3039,4750,57
3040,4752,95
3041,4754,101
3042,4756,124
3043,4757,72
3044,4758,93
3045,4761,92
3046,4762,95
3047,4766,133
3048,4767,85
3049,4769,105
3050,4770,101
3051,4771,88
3052,4774,113
3053,4775,71
3054,4776,75
3055,4782,66
3056,4783,83
3057,4784,110
3058,4785,88
3059,4786,77
3060,4787,58
3061,4788,69
3062,4789,61
3063,4790,88
3064,4791,122
3065,4792,60
3066,4793,166
3067,4794,107
3068,4795,94
3069,4796,87
3070,4797,92
3071,4798,130
3072,4800,88
3073,4801,128
3074,4802,96
3075,4803,94
3076,4804,69
3077,4806,90
3078,4807,101
3079,4809,77
3080,4811,89
3081,4812,90
3082,4813,98
3083,4815,66
3084,4817,103
3085,4818,95
3086,4820,89
3087,4821,74
3088,4823,119
3089,4824,70
3090,4826,121
3091,4827,106
3092,4828,74
3093,4829,106
3094,4830,113
3095,4831,119
3096,4834,100
3097,4835,110
3098,4836,66
3099,4840,126
3100,4841,130
3101,4843,110
3102,4844,85
3103,4848,117
3104,4850,63
3105,4851,94
3106,4852,74
3107,4855,58
3108,4856,117
3109,4859,89
3110,4860,66
3111,4861,158
3112,4862,100
3113,4864,64
3114,4865,92
3115,4867,63
3116,4869,105
3117,4871,67
3118,4872,91
3119,4873,92
3120,4874,87
3121,4876,100
3122,4877,113
3123,4878,40
3124,4879,105
3125,4881,94
3126,4882,109
3127,4883,99
3128,4884,89
3129,4885,92
3130,4886,105
3131,4887,130
3132,4888,69
3133,4889,98
3134,4890,90
3135,4891,65
3136,4892,92
3137,4893,19
3138,4894,25
3139,4895,22
3140,4896,40
3141,4897,22
3142,4898,24
3143,4900,101
3144,4902,90
3145,4903,96
3146,4905,115
3147,4906,92
3148,4908,93
3149,4910,95
3150,4912,105
3151,4913,117
3152,4916,66
3153,4917,97
3154,4918,78
3155,4919,102
3156,4920,62
3157,4921,97
3158,4922,105
3159,4923,79
3160,4924,90
3161,4928,107
3162,4929,105
3163,4930,99
3164,4932,108
3165,4933,66
3166,4935,75
3167,4936,96
3168,4937,95
3169,4938,32
3170,4939,70
3171,4940,94
3172,4941,78
3173,4944,91
3174,4945,75
3175,4946,105
3176,4948,96
3177,4949,132
3178,4951,60
3179,4953,171
3180,4954,116
3181,4955,169
3182,4956,134
3183,4957,159
3184,4959,87
3185,4960,103
3186,4961,78
3187,4963,62
3188,4964,97
3189,4966,102
3190,4967,95
3191,4970,115
3192,4971,102
3193,4972,99
3194,4973,74
3195,4975,100
3196,4976,150
3197,4978,87
3198,4980,88
3199,4982,63
3200,4983,129
3201,4984,91
3202,4987,115
3203,4988,140
3204,4990,79
3205,4991,104
3206,4994,121
3207,4996,40
3208,4997,94
3209,4999,58
3210,5000,78
3211,5002,51
3212,5003,69
3213,5004,104
3214,5006,59
3215,5007,94
3216,5008,166
3217,5009,155
3218,5010,145
3219,5011,106
3220,5012,94
3221,5013,127
3222,5014,87
3223,5015,185
3224,5016,75
3225,5017,89
3226,5018,81
3227,5019,47
3228,5020,46
3229,5021,125
3230,5022,160
3231,5023,110
3232,5024,69
3233,5025,67
3234,5026,105
3235,5029,127
3236,5032,109
3237,5034,134
3238,5035,60
3239,5038,96
3240,5040,65
3241,5041,133
3242,5042,96
3243,5043,95
3244,5044,24
3245,5045,97
3246,5046,65
3247,5048,102
3248,5050,53
3249,5051,116
3250,5052,102
3251,5053,86
3252,5054,117
3253,5056,96
3254,5057,69
3255,5059,108
3256,5060,102
3257,5061,61
3258,5062,57
3259,5063,49
3260,5065,87
3261,5067,59
3262,5068,63
3263,5069,69
3264,5072,62
3265,5073,108
3266,5074,95
3267,5075,99
3268,5077,62
3269,5079,60
3270,5080,147
3271,5081,153
3272,5082,87
3273,5084,124
3274,5085,94
3275,5086,100
3276,5087,71
3277,5088,60
3278,5089,135
3279,5092,97
3280,5094,86
3281,5095,91
3282,5102,82
3283,5103,102
3284,5105,105
3285,5107,106
3286,5108,91
3287,5109,61
3288,5111,80
3289,5114,118
3290,5115,94
3291,5116,84
3292,5117,103
3293,5118,69
3294,5122,105
3295,5123,128
3296,5124,86
3297,5125,109
3298,5128,70
3299,5130,89
3300,5131,162
3301,5132,163
3302,5133,91
3303,5134,27
3304,5135,67
3305,5136,142
3306,5137,78
3307,5138,26
3308,5141,46
3309,5143,81
3310,5144,119
3311,5147,99
3312,5149,96
3313,5152,128
3314,5153,114
3315,5154,101
3316,5159,109
3317,5161,51
3318,5162,61
3319,5163,73
3320,5164,92
3321,5165,94
3322,5168,135
3323,5172,66
3324,5173,126
3325,5177,54
3326,5178,100
3327,5180,81
3328,5182,123
3329,5183,144
3330,5184,153
3331,5187,141
3332,5188,104
3333,5189,97
3334,5190,82
3335,5191,98
3336,5197,84
3337,5198,76
3338,5199,75
3339,5200,93
3340,5202,98
3341,5203,91
3342,5204,168
3343,5205,68
3344,5208,103
3345,5210,95
3346,5212,82
3347,5213,94
3348,5214,66
3349,5215,135
3350,5218,144
3351,5219,90
3352,5221,158
3353,5223,83
3354,5224,102
3355,5225,52
3356,5226,110
3357,5227,85
3358,5228,113
3359,5229,88
3360,5230,89
3361,5231,59
3362,5234,106
3363,5235,66
3364,5236,135
3365,5239,93
3366,5240,79
3367,5241,107
3368,5242,47
3369,5249,118
3370,5250,81
3371,5253,103
3372,5254,40
3373,5256,103
3374,5257,85
3375,5261,104
3376,5262,82
3377,5265,112
3378,5266,102
3379,5267,101
3380,5268,119
3381,5269,62
3382,5270,64
3383,5271,137
3384,5272,108
3385,5274,78
3386,5276,40
3387,5277,71
3388,5278,99
3389,5280,60
3390,5282,78
3391,5283,98
3392,5284,70
3393,5291,148
3394,5292,54
3395,5293,92
3396,5294,107
3397,5295,90
3398,5296,135
3399,5297,151
3400,5301,132
3401,5303,95
3402,5304,162
3403,5305,163
3404,5307,89
3405,5308,28
3406,5309,103
3407,5310,160
3408,5311,113
3409,5312,86
3410,5313,83
3411,5314,113
3412,5315,86
3413,5316,57
3414,5317,98
3415,5318,116
3416,5319,100
3417,5320,51
3418,5323,113
3419,5324,124
3420,5326,63
3421,5327,56
3422,5329,94
3423,5330,90
3424,5331,71
3425,5332,97
3426,5333,83
3427,5334,92
3428,5335,165
3429,5336,166
3430,5337,166
3431,5338,159
3432,5339,160
3433,5340,159
3434,5341,22
3435,5342,105
3436,5343,54
3437,5344,121
3438,5345,103
3439,5347,129
3440,5352,95
3441,5354,80
3442,5358,67
3443,5359,84
3444,5360,97
3445,5362,86
3446,5365,114
3447,5369,84
3448,5370,67
3449,5371,91
3450,5372,63
3451,5374,116
3452,5375,104
3453,5376,14
3454,5377,89
3455,5378,108
3456,5379,59
3457,5380,74
3458,5386,84
3459,5388,97
3460,5390,95
3461,5392,116
3462,5395,86
3463,5397,153
3464,5399,104
3465,5401,163
3466,5403,106
3467,5409,148
3468,5412,105
3469,5416,121
3470,5417,66
3471,5418,102
3472,5419,96
3473,5420,89
3474,5421,161
3475,5424,24
3476,5425,66
3477,5427,91
3478,5428,92
3479,5430,104
3480,5431,73
3481,5432,47
3482,5433,102
3483,5441,87
3484,5442,117
3485,5443,119
3486,5444,130
3487,5447,102
3488,5448,154
3489,5449,44
3490,5450,96
3491,5451,47
3492,5452,44
3493,5453,109
3494,5454,89
3495,5455,92
3496,5456,122
3497,5457,19
3498,5461,154
3499,5462,152
3500,5463,161
3501,5464,123
3502,5467,44
3503,5468,80
3504,5469,71
3505,5470,153
3506,5472,79
3507,5473,143
3508,5474,123
3509,5475,80
3510,5476,73
3511,5477,106
3512,5479,101
3513,5481,59
3514,5482,164
3515,5483,151
3516,5484,84
3517,5485,51
3518,5486,142
3519,5487,110
3520,5488,86
3521,5490,101
3522,5491,88
3523,5492,86
3524,5493,61
3525,5494,81
3526,5496,72
3527,5497,98
3528,5498,64
3529,5499,111
3530,5500,148
3531,5501,163
3532,5502,95
3533,5503,99
3534,5504,44
3535,5505,93
3536,5506,89
3537,5507,83
3538,5508,104
3539,5509,81
3540,5512,53
3541,5513,95
3542,5516,149
3543,5517,106
3544,5518,108
3545,5519,66
3546,5523,113
3547,5525,83
3548,5526,50
3549,5527,97
3550,5528,105
3551,5529,107
3552,5530,99
3553,5531,101
3554,5532,81
3555,5533,92
3556,5534,131
3557,5535,101
3558,5536,96
3559,5537,85
3560,5540,110
3561,5541,89
3562,5542,74
3563,5544,88
3564,5545,88
3565,5546,143
3566,5547,83
3567,5548,107
3568,5549,99
3569,5550,134
3570,5551,78
3571,5552,81
3572,5553,106
3573,5554,51
3574,5557,102
3575,5558,63
3576,5560,91
3577,5561,93
3578,5562,93
3579,5565,97
3580,5566,92
3581,5569,137
3582,5571,143
3583,5572,168
3584,5573,117
3585,5574,87
3586,5575,160
3587,5577,62
3588,5578,109
3589,5580,102
3590,5582,118
3591,5583,57
3592,5585,94
3593,5587,71
3594,5588,123
3595,5589,97
3596,5590,99
3597,5591,97
3598,5595,67
3599,5596,105
3600,5597,78
3601,5598,99
3602,5600,119
3603,5601,109
3604,5603,107
3605,5605,92
3606,5606,88
3607,5607,71
3608,5608,64
3609,5611,97
3610,5612,96
3611,5613,150
3612,5614,54
3613,5615,78
3614,5616,86
3615,5617,154
3616,5618,179
3617,5619,93
3618,5620,97
3619,5621,108
3620,5622,92
3621,5623,78
3622,5624,87
3623,5625,99
3624,5626,91
3625,5627,102
3626,5628,67
3627,5629,57
3628,5630,130
3629,5631,80
3630,5632,66
3631,5633,105
3632,5634,98
3633,5635,91
3634,5636,123
3635,5637,82
3636,5638,104
3637,5639,109
3638,5640,74
3639,5642,84
3640,5643,98
3641,5644,22
3642,5645,100
3643,5646,75
3644,5647,69
3645,5648,97
3646,5649,92
3647,5650,92
3648,5652,146
3649,5653,97
3650,5657,93
3651,5658,62
3652,5660,22
3653,5661,88
3654,5662,105
3655,5664,88
3656,5665,93
3657,5667,98
3658,5677,88
3659,5679,31
3660,5680,83
3661,5682,38
3662,5683,108
3663,5686,97
3664,5688,81
3665,5689,70
3666,5690,62
3667,5692,99
3668,5694,112
3669,5695,90
3670,5696,56
3671,5697,89
3672,5698,24
3673,5699,100
3674,5702,116
3675,5703,92
3676,5705,79
3677,5706,72
3678,5707,92
3679,5709,61
3680,5710,88
3681,5711,113
3682,5712,67
3683,5713,65
3684,5714,62
3685,5715,107
3686,5718,69
3687,5719,77
3688,5720,98
3689,5722,71
3690,5725,64
3691,5726,112
3692,5727,59
3693,5734,91
3694,5735,44
3695,5736,107
3696,5737,92
3697,5738,89
3698,5739,107
3699,5740,94
3700,5741,110
3701,5743,81
3702,5744,77
3703,5746,64
3704,5747,97
3705,5748,77
3706,5749,94
3707,5750,94
3708,5751,91
3709,5755,80
3710,5756,95
3711,5757,90
3712,5758,101
3713,5759,73
3714,5761,108
3715,5762,25
3716,5765,86
3717,5766,105
3718,5768,100
3719,5771,96
3720,5773,97
3721,5774,73
3722,5776,44
3723,5777,132
3724,5779,96
3725,5780,92
3726,5781,99
3727,5783,92
3728,5784,99
3729,5785,78
3730,5787,65
3731,5788,65
3732,5789,69
3733,5790,64
3734,5791,63
3735,5792,63
3736,5793,89
3737,5794,60
3738,5795,84
3739,5796,41
3740,5797,83
3741,5798,25
3742,5799,94
3743,5805,52
3744,5809,75
3745,5810,92
3746,5811,80
3747,5814,66
3748,5815,46
3749,5816,72
3750,5817,71
3751,5818,77
3752,5819,70
3753,5820,73
3754,5821,81
3755,5822,63
3756,5825,45
3757,5827,46
3758,5829,112
3759,5831,101
3760,5832,117
3761,5833,114
3762,5834,96
3763,5836,87
3764,5838,105
3765,5840,80
3766,5841,97
3767,5842,105
3768,5843,60
3769,5847,109
3770,5848,60
3771,5849,101
3772,5850,91
3773,5851,66
3774,5852,127
3775,5853,82
3776,5855,70
3777,5858,23
3778,5859,97
3779,5860,62
3780,5861,84
3781,5862,90
3782,5865,101
3783,5866,74
3784,5869,68
3785,5873,92
3786,5874,107
3787,5875,108
3788,5876,74
3789,5877,29
3790,5879,60
3791,5880,120
3792,5881,74
3793,5882,57
3794,5884,91
3795,5885,62
3796,5887,85
3797,5888,90
3798,5890,105
3799,5891,59
3800,5892,137
3801,5893,86
3802,5894,99
3803,5895,64
3804,5897,82
3805,5898,90
3806,5899,80
3807,5900,62
3808,5902,92
3809,5904,78
3810,5905,92
3811,5906,69
3812,5907,103
3813,5908,92
3814,5910,143
3815,5911,83
3816,5912,78
3817,5913,84
3818,5914,84
3819,5916,58
3820,5917,82
3821,5918,83
3822,5919,29
3823,5920,72
3824,5921,26
3825,5922,81
3826,5925,75
3827,5926,100
3828,5927,90
3829,5928,68
3830,5929,71
3831,5930,100
3832,5931,94
3833,5932,80
3834,5933,35
3835,5935,93
3836,5936,105
3837,5937,130
3838,5938,100
3839,5939,80
3840,5942,76
3841,5943,95
3842,5944,96
3843,5945,94
3844,5946,94
3845,5947,93
3846,5948,96
3847,5949,94
3848,5950,94
3849,5951,93
3850,5952,95
3851,5953,93
3852,5954,75
3853,5955,103
3854,5956,29
3855,5957,104
3856,5958,81
3857,5959,80
3858,5960,123
3859,5961,119
3860,5962,118
3861,5963,143
3862,5964,149
3863,5966,144
3864,5967,124
3865,5968,87
3866,5969,128
3867,5970,117
3868,5971,100
3869,5972,84
3870,5973,90
3871,5974,105
3872,5976,106
3873,5977,99
3874,5978,93
3875,5980,89
3876,5981,105
3877,5982,109
3878,5983,93
3879,5984,75
3880,5986,90
3881,5988,90
3882,5989,93
3883,5990,37
3884,5991,113
3885,5992,89
3886,5993,102
3887,5994,102
3888,5995,90
3889,5996,94
3890,5997,91
3891,5998,107
3892,5999,95
3893,6000,119
3894,6001,93
3895,6003,101
3896,6004,93
3897,6005,82
3898,6006,70
3899,6007,104
3900,6008,121
3901,6009,92
3902,6010,124
3903,6011,53
3904,6012,91
3905,6013,83
3906,6014,93
3907,6015,81
3908,6016,86
3909,6017,106
3910,6018,97
3911,6019,99
3912,6020,100
3913,6021,126
3914,6022,94
3915,6023,103
3916,6024,96
3917,6026,137
3918,6028,104
3919,6029,104
3920,6030,94
3921,6031,176
3922,6032,137
3923,6033,101
3924,6034,111
3925,6035,110
3926,6036,142
3927,6037,86
3928,6039,93
3929,6040,86
3930,6041,80
3931,6042,92
3932,6043,96
3933,6044,87
3934,6046,98
3935,6047,125
3936,6048,91
3937,6049,76
3938,6050,82
3939,6051,111
3940,6052,92
3941,6053,94
3942,6054,91
3943,6055,44
3944,6056,108
3945,6057,123
3946,6058,106
3947,6059,89
3948,6060,98
3949,6061,108
3950,6062,92
3951,6063,102
3952,6064,103
3953,6065,91
3954,6066,110
3955,6069,77
3956,6070,99
3957,6071,122
3958,6072,150
3959,6073,126
3960,6074,164
3961,6075,115
3962,6076,133
3963,6077,127
3964,6078,100
3965,6079,131
3966,6081,44
3967,6082,101
3968,6083,90
3969,6084,89
3970,6085,88
3971,6086,133
3972,6087,110
3973,6088,112
3974,6089,87
3975,6091,91
3976,6092,111
3977,6093,99
3978,6094,86
3979,6096,93
3980,6097,87
3981,6098,107
3982,6099,89
3983,6100,92
3984,6104,122
3985,6105,91
3986,6107,127
3987,6108,153
3988,6109,94
3989,6110,106
3990,6111,102
3991,6112,112
3992,6113,63
3993,6114,90
3994,6115,89
3995,6116,101
3996,6117,85
3997,6118,83
3998,6119,92
3999,6120,84
4000,6121,91
4001,6122,100
4002,6123,103
4003,6124,103
4004,6125,45
4005,6126,45
4006,6128,90
4007,6129,98
4008,6130,92
4009,6131,172
4010,6132,125
4011,6134,81
4012,6135,112
4013,6136,122
4014,6137,101
4015,6139,53
4016,6141,53
4017,6142,99
4018,6143,95
4019,6144,119
4020,6145,163
4021,6146,55
4022,6148,102
4023,6149,106
4024,6150,128
4025,6151,80
4026,6152,80
4027,6153,75
4028,6154,75
4029,6155,79
4030,6156,87
4031,6158,97
4032,6159,85
4033,6160,111
4034,6161,113
4035,6163,90
4036,6164,103
4037,6165,105
4038,6166,104
4039,6169,127
4040,6170,92
4041,6171,72
4042,6172,118
4043,6173,110
4044,6174,65
4045,6176,90
4046,6177,134
4047,6179,89
4048,6180,86
4049,6181,87
4050,6182,107
4051,6183,79
4052,6184,87
4053,6185,113
4054,6186,110
4055,6187,98
4056,6188,93
4057,6189,139
4058,6190,94
4059,6191,133
4060,6192,81
4061,6193,91
4062,6194,122
4063,6196,102
4064,6197,88
4065,6198,49
4066,6200,110
4067,6201,150
4068,6202,97
4069,6203,129
4070,6204,99
4071,6205,112
4072,6206,143
4073,6207,61
4074,6208,95
4075,6209,92
4076,6210,97
4077,6211,90
4078,6212,119
4079,6213,147
4080,6215,83
4081,6216,83
4082,6218,91
4083,6219,117
4084,6221,78
4085,6222,75
4086,6223,78
4087,6224,149
4088,6225,103
4089,6226,94
4090,6227,95
4091,6228,122
4092,6230,107
4093,6231,126
4094,6232,122
4095,6233,95
4096,6234,101
4097,6235,74
4098,6236,74
4099,6237,74
4100,6238,83
4101,6239,79
4102,6240,72
4103,6241,80
4104,6242,75
4105,6243,75
4106,6244,72
4107,6245,99
4108,6246,91
4109,6247,166
4110,6248,103
4111,6249,128
4112,6252,87
4113,6255,125
4114,6256,121
4115,6257,110
4116,6258,88
4117,6260,52
4118,6261,89
4119,6262,52
4120,6267,81
4121,6268,73
4122,6269,75
4123,6270,99
4124,6271,121
4125,6272,100
4126,6273,97
4127,6274,105
4128,6275,100
4129,6278,115
4130,6279,99
4131,6281,91
4132,6283,90
4133,6284,100
4134,6285,25
4135,6286,99
4136,6287,120
4137,6288,98
4138,6289,104
4139,6290,149
4140,6291,112
4141,6293,98
4142,6294,120
4143,6297,151
4144,6298,63
4145,6299,148
4146,6300,114
4147,6301,123
4148,6303,87
4149,6304,93
4150,6306,88
4151,6307,126
4152,6308,90
4153,6309,95
4154,6310,108
4155,6311,65
4156,6312,110
4157,6313,66
4158,6314,127
4159,6315,131
4160,6316,88
4161,6317,97
4162,6318,116
4163,6321,117
4164,6322,79
4165,6323,144
4166,6325,79
4167,6326,135
4168,6327,88
4169,6328,116
4170,6329,91
4171,6330,83
4172,6331,90
4173,6332,129
4174,6333,120
4175,6334,91
4176,6335,85
4177,6337,88
4178,6338,123
4179,6339,180
4180,6340,98
4181,6341,90
4182,6343,90
4183,6344,94
4184,6345,112
4185,6346,85
4186,6347,97
4187,6349,47
4188,6350,99
4189,6351,168
4190,6352,99
4191,6353,106
4192,6354,92
4193,6355,99
4194,6356,89
4195,6357,88
4196,6359,111
4197,6360,79
4198,6363,86
4199,6364,74
4200,6366,84
4201,6367,80
4202,6368,86
4203,6370,90
4204,6371,102
4205,6373,92
4206,6375,81
4207,6376,116
4208,6377,110
4209,6378,95
4210,6380,133
4211,6381,120
4212,6383,91
4213,6384,90
4214,6385,90
4215,6387,103
4216,6388,73
4217,6389,98
4218,6391,119
4219,6392,76
4220,6393,148
4221,6395,94
4222,6396,108
4223,6397,114
4224,6398,98
4225,6400,151
4226,6401,78
4227,6403,125
4228,6404,126
4229,6406,11
4230,6407,22
4231,6410,104
4232,6411,104
4233,6413,117
4234,6415,101
4235,6416,99
4236,6418,103
4237,6419,126
4238,6420,92
4239,6422,131
4240,6423,119
4241,6424,98
4242,6425,85
4243,6426,84
4244,6428,145
4245,6429,125
4246,6430,108
4247,6432,108
4248,6433,74
4249,6434,82
4250,6435,75
4251,6436,77
4252,6437,156
4253,6438,116
4254,6439,126
4255,6440,129
4256,6441,132
4257,6442,118
4258,6443,87
4259,6444,95
4260,6445,86
4261,6446,106
4262,6447,115
4263,6448,106
4264,6449,94
4265,6450,121
4266,6451,113
4267,6453,129
4268,6454,99
4269,6455,116
4270,6459,88
4271,6462,63
4272,6463,62
4273,6464,62
4274,6465,112
4275,6466,113
4276,6467,82
4277,6468,98
4278,6469,87
4279,6471,111
4280,6472,63
4281,6473,105
4282,6474,146
4283,6475,96
4284,6476,80
4285,6477,99
4286,6479,87
4287,6480,88
4288,6481,99
4289,6482,104
4290,6483,104
4291,6485,118
4292,6486,127
4293,6487,109
4294,6489,130
4295,6490,110
4296,6492,88
4297,6493,106
4298,6494,91
4299,6495,103
4300,6497,89
4301,6498,108
4302,6500,124
4303,6501,96
4304,6502,172
4305,6503,124
4306,6504,85
4307,6511,137
4308,6512,91
4309,6513,120
4310,6516,118
4311,6517,110
4312,6518,114
4313,6519,112
4314,6522,92
4315,6523,137
4316,6524,84
4317,6526,52
4318,6527,96
4319,6528,112
4320,6529,90
4321,6530,106
4322,6531,116
4323,6532,97
4324,6534,127
4325,6535,96
4326,6536,45
4327,6537,101
4328,6538,88
4329,6540,75
4330,6541,112
4331,6542,110
4332,6544,120
4333,6545,90
4334,6546,82
4335,6547,118
4336,6548,153
4337,6549,117
4338,6551,93
4339,6552,82
4340,6553,115
4341,6554,151
4342,6555,103
4343,6556,117
4344,6558,100
4345,6559,70
4346,6562,103
4347,6563,108
4348,6564,100
4349,6565,91
4350,6566,93
4351,6567,113
4352,6568,116
4353,6570,121
4354,6571,112
4355,6574,76
4356,6575,81
4357,6576,110
4358,6577,90
4359,6578,97
4360,6579,86
4361,6580,94
4362,6581,83
4363,6582,43
4364,6583,92
4365,6584,93
4366,6585,88
4367,6586,53
4368,6589,156
4369,6590,79
4370,6591,96
4371,6592,99
4372,6593,140
4373,6594,62
4374,6595,88
4375,6596,76
4376,6597,99
4377,6598,97
4378,6599,87
4379,6600,108
4380,6601,94
4381,6603,123
4382,6605,128
4383,6606,132
4384,6607,93
4385,6608,113
4386,6609,96
4387,6610,133
4388,6611,176
4389,6613,115
4390,6615,90
4391,6616,111
4392,6617,87
4393,6618,112
4394,6620,200
4395,6621,93
4396,6622,90
4397,6623,107
4398,6624,89
4399,6625,83
4400,6626,96
4401,6627,99
4402,6628,95
4403,6629,88
4404,6630,94
4405,6631,93
4406,6632,93
4407,6633,92
4408,6634,127
4409,6635,105
4410,6637,94
4411,6638,104
4412,6639,94
4413,6640,82
4414,6641,86
4415,6642,103
4416,6643,97
4417,6644,84
4418,6645,98
4419,6646,68
4420,6648,42
4421,6649,92
4422,6650,89
4423,6651,99
4424,6654,93
4425,6655,162
4426,6656,85
4427,6657,52
4428,6658,91
4429,6662,106
4430,6663,92
4431,6665,140
4432,6666,69
4433,6667,153
4434,6668,124
4435,6669,120
4436,6670,134
4437,6671,105
4438,6676,119
4439,6678,106
4440,6680,79
4441,6681,196
4442,6682,90
4443,6683,109
4444,6684,93
4445,6685,92
4446,6686,49
4447,6687,102
4448,6688,82
4449,6689,74
4450,6690,94
4451,6692,87
4452,6693,108
4453,6695,151
4454,6697,109
4455,6699,91
4456,6700,93
4457,6701,85
4458,6702,103
4459,6703,102
4460,6704,107
4461,6705,88
4462,6706,95
4463,6707,100
4464,6708,91
4465,6709,110
4466,6711,96
4467,6712,96
4468,6713,98
4469,6714,133
4470,6716,102
4471,6717,108
4472,6720,133
4473,6721,58
4474,6722,79
4475,6723,101
4476,6724,81
4477,6726,99
4478,6727,106
4479,6728,103
4480,6730,92
4481,6731,89
4482,6734,150
4483,6735,80
4484,6736,124
4485,6737,99
4486,6738,29
4487,6739,91
4488,6740,102
4489,6741,94
4490,6744,118
4491,6746,70
4492,6747,181
4493,6748,101
4494,6749,29
4495,6750,92
4496,6752,94
4497,6753,118
4498,6754,98
4499,6755,90
4500,6756,93
4501,6757,114
4502,6758,99
4503,6759,96
4504,6760,102
4505,6761,90
4506,6762,49
4507,6763,61
4508,6765,60
4509,6766,104
4510,6768,119
4511,6769,102
4512,6770,83
4513,6772,88
4514,6773,86
4515,6776,90
4516,6777,134
4517,6778,92
4518,6779,145
4519,6780,95
4520,6781,93
4521,6782,84
4522,6784,81
4523,6785,98
4524,6787,74
4525,6788,87
4526,6790,96
4527,6791,88
4528,6793,118
4529,6794,113
4530,6795,86
4531,6797,91
4532,6798,115
4533,6799,112
4534,6800,103
4535,6801,116
4536,6802,72
4537,6803,104
4538,6805,97
4539,6806,92
4540,6808,93
4541,6809,93
4542,6810,99
4543,6812,47
4544,6813,52
4545,6814,97
4546,6815,88
4547,6816,106
4548,6817,97
4549,6818,88
4550,6819,88
4551,6820,132
4552,6822,108
4553,6824,111
4554,6827,167
4555,6829,96
4556,6830,95
4557,6831,107
4558,6832,118
4559,6833,130
4560,6834,90
4561,6838,87
4562,6840,109
4563,6841,103
4564,6843,110
4565,6844,85
4566,6845,163
4567,6846,100
4568,6847,58
4569,6848,110
4570,6849,58
4571,6851,56
4572,6852,161
4573,6853,141
4574,6854,115
4575,6855,90
4576,6856,103
4577,6857,77
4578,6859,111
4579,6860,103
4580,6861,129
4581,6862,113
4582,6863,106
4583,6864,105
4584,6865,137
4585,6866,22
4586,6867,130
4587,6868,89
4588,6870,110
4589,6871,148
4590,6873,100
4591,6875,90
4592,6876,103
4593,6877,75
4594,6878,99
4595,6879,93
4596,6880,90
4597,6881,145
4598,6882,95
4599,6883,92
4600,6884,90
4601,6885,137
4602,6887,98
4603,6888,109
4604,6889,117
4605,6892,93
4606,6893,57
4607,6894,110
4608,6897,95
4609,6898,102
4610,6899,97
4611,6900,82
4612,6901,90
4613,6903,57
4614,6904,91
4615,6905,100
4616,6906,101
4617,6908,138
4618,6909,95
4619,6910,116
4620,6911,117
4621,6912,65
4622,6913,158
4623,6914,110
4624,6915,79
4625,6916,99
4626,6917,86
4627,6919,138
4628,6921,91
4629,6922,79
4630,6925,79
4631,6926,96
4632,6927,55
4633,6928,101
4634,6929,88
4635,6930,95
4636,6932,87
4637,6934,83
4638,6935,90
4639,6937,151
4640,6939,89
4641,6940,99
4642,6941,86
4643,6943,85
4644,6944,93
4645,6945,89
4646,6946,89
4647,6947,90
4648,6948,104
4649,6949,107
4650,6950,124
4651,6951,87
4652,6953,94
4653,6955,86
4654,6957,102
4655,6958,122
4656,6959,126
4657,6960,87
4658,6961,156
4659,6962,97
4660,6963,89
4661,6965,88
4662,6967,96
4663,6968,104
4664,6969,80
4665,6973,95
4666,6974,97
4667,6976,118
4668,6978,118
4669,6979,44
4670,6980,54
4671,6981,170
4672,6983,118
4673,6984,128
4674,6985,106
4675,6986,103
4676,6987,92
4677,6988,102
4678,6989,126
4679,6990,73
4680,6991,111
4681,6992,100
4682,6993,86
4683,6994,95
4684,6995,79
4685,6996,81
4686,6998,120
4687,7000,85
4688,7001,96
4689,7002,91
4690,7003,134
4691,7004,93
4692,7005,82
4693,7006,88
4694,7008,96
4695,7009,97
4696,7010,101
4697,7011,88
4698,7012,84
4699,7013,110
4700,7014,105
4701,7015,116
4702,7016,94
4703,7017,110
4704,7019,116
4705,7020,51
4706,7021,103
4707,7022,83
4708,7023,176
4709,7024,149
4710,7026,79
4711,7027,97
4712,7028,91
4713,7031,85
4714,7032,85
4715,7033,117
4716,7035,84
4717,7036,106
4718,7037,107
4719,7038,98
4720,7039,54
4721,7041,139
4722,7042,88
4723,7043,93
4724,7044,91
4725,7045,89
4726,7046,106
4727,7047,116
4728,7048,100
4729,7049,96
4730,7050,119
4731,7052,108
4732,7053,104
4733,7054,124
4734,7056,87
4735,7057,75
4736,7058,108
4737,7059,103
4738,7061,103
4739,7062,89
4740,7063,103
4741,7064,89
4742,7065,119
4743,7066,106
4744,7067,90
4745,7068,118
4746,7069,95
4747,7071,123
4748,7072,127
4749,7073,116
4750,7074,119
4751,7075,99
4752,7076,90
4753,7077,90
4754,7078,153
4755,7079,106
4756,7080,141
4757,7085,122
4758,7087,87
4759,7088,102
4760,7089,88
4761,7090,99
4762,7091,99
4763,7092,134
4764,7093,91
4765,7094,88
4766,7095,127
4767,7096,137
4768,7097,77
4769,7098,71
4770,7100,130
4771,7103,140
4772,7104,101
4773,7105,101
4774,7106,91
4775,7107,84
4776,7108,88
4777,7109,68
4778,7110,163
4779,7111,93
4780,7112,86
4781,7114,154
4782,7115,92
4783,7116,132
4784,7117,22
4785,7118,132
4786,7119,94
4787,7120,132
4788,7122,105
4789,7123,97
4790,7125,109
4791,7127,134
4792,7128,53
4793,7129,84
4794,7131,102
4795,7133,79
4796,7134,181
4797,7135,90
4798,7136,79
4799,7137,133
4800,7138,125
4801,7139,80
4802,7140,101
4803,7142,135
4804,7145,133
4805,7146,91
4806,7147,52
4807,7148,123
4808,7150,113
4809,7151,107
4810,7152,128
4811,7153,94
4812,7154,95
4813,7155,106
4814,7157,138
4815,7159,139
4816,7160,132
4817,7161,173
4818,7162,105
4819,7163,148
4820,7164,120
4821,7165,85
4822,7166,113
4823,7167,99
4824,7168,41
4825,7169,110
4826,7170,137
4827,7171,118
4828,7172,140
4829,7173,85
4830,7174,116
4831,7175,133
4832,7179,89
4833,7180,75
4834,7181,67
4835,7182,90
4836,7184,170
4837,7187,124
4838,7189,120
4839,7190,157
4840,7191,124
4841,7192,110
4842,7193,90
4843,7194,97
4844,7195,108
4845,7196,95
4846,7198,111
4847,7199,137
4848,7200,100
4849,7201,53
4850,7202,87
4851,7203,106
4852,7204,86
4853,7205,100
4854,7206,103
4855,7207,109
4856,7208,81
4857,7209,98
4858,7211,114
4859,7212,87
4860,7213,132
4861,7214,116
4862,7217,92
4863,7219,99
4864,7220,63
4865,7221,121
4866,7222,56
4867,7224,96
4868,7225,115
4869,7226,117
4870,7227,58
4871,7228,62
4872,7229,65
4873,7230,61
4874,7231,65
4875,7232,65
4876,7233,58
4877,7234,60
4878,7235,81
4879,7237,85
4880,7238,93
4881,7239,126
4882,7240,99
4883,7241,79
4884,7242,26
4885,7243,107
4886,7244,133
4887,7245,95
4888,7247,100
4889,7248,149
4890,7249,52
4891,7250,165
4892,7251,104
4893,7252,114
4894,7253,109
4895,7254,88
4896,7260,143
4897,7261,112
4898,7262,101
4899,7263,110
4900,7264,83
4901,7266,145
4902,7268,87
4903,7270,86
4904,7271,115
4905,7272,93
4906,7273,121
4907,7274,54
4908,7275,100
4909,7276,37
4910,7277,33
4911,7278,35
4912,7279,32
4913,7281,147
4914,7282,110
4915,7283,97
4916,7284,108
4917,7285,101
4918,7287,100
4919,7290,48
4920,7291,44
4921,7293,78
4922,7294,103
4923,7295,58
4924,7297,90
4925,7299,89
4926,7300,83
4927,7303,84
4928,7304,104
4929,7305,99
4930,7306,105
4931,7307,94
4932,7309,150
4933,7310,111
4934,7311,116
4935,7312,92
4936,7314,23
4937,7315,25
4938,7316,85
4939,7317,90
4940,7318,68
4941,7319,67
4942,7320,66
4943,7321,91
4944,7323,87
4945,7324,98
4946,7327,108
4947,7328,85
4948,7329,95
4949,7330,103
4950,7331,118
4951,7333,153
4952,7335,96
4953,7336,88
4954,7337,116
4955,7338,155
4956,7340,88
4957,7342,92
4958,7345,98
4959,7346,103
4960,7347,163
4961,7348,93
4962,7351,77
4963,7352,97
4964,7353,115
4965,7355,103
4966,7356,82
4967,7357,77
4968,7358,79
4969,7359,98
4970,7361,131
4971,7362,110
4972,7363,100
4973,7364,117
4974,7365,107
4975,7366,76
4976,7367,118
4977,7368,93
4978,7370,99
4979,7371,84
4980,7372,102
4981,7373,134
4982,7374,78
4983,7375,95
4984,7378,73
4985,7379,110
4986,7380,75
4987,7381,119
4988,7385,92
4989,7387,137
4990,7388,192
4991,7389,132
4992,7390,91
4993,7391,105
4994,7392,88
4995,7394,155
4996,7395,103
4997,7396,97
4998,7397,92
4999,7398,98
5000,7399,89
5001,7400,112
5002,7401,75
5003,7402,89
5004,7403,99
5005,7404,107
5006,7406,29
5007,7408,94
5008,7411,90
5009,7412,104
5010,7413,55
5011,7414,83
5012,7415,77
5013,7416,72
5014,7417,103
5015,7418,131
5016,7420,138
5017,7421,143
5018,7422,80
5019,7423,132
5020,7424,84
5021,7425,99
5022,7426,93
5023,7427,114
5024,7428,100
5025,7429,132
5026,7430,83
5027,7431,105
5028,7432,112
5029,7433,94
5030,7434,90
5031,7435,48
5032,7438,110
5033,7440,84
5034,7441,118
5035,7442,86
5036,7443,98
5037,7444,88
5038,7445,81
5039,7446,112
5040,7449,106
5041,7451,148
5042,7452,105
5043,7453,92
5044,7455,112
5045,7457,128
5046,7459,128
5047,7461,136
5048,7462,106
5049,7463,129
5050,7465,90
5051,7466,130
5052,7467,85
5053,7468,90
5054,7470,94
5055,7471,86
5056,7472,100
5057,7473,107
5058,7474,93
5059,7475,109
5060,7476,109
5061,7477,92
5062,7478,93
5063,7479,100
5064,7480,141
5065,7482,119
5066,7483,84
5067,7485,96
5068,7487,83
5069,7488,117
5070,7489,93
5071,7490,73
5072,7491,72
5073,7492,46
5074,7493,74
5075,7494,46
5076,7495,46
5077,7496,74
5078,7497,71
5079,7498,72
5080,7499,76
5081,7500,23
5082,7501,60
5083,7502,46
5084,7504,101
5085,7507,97
5086,7508,111
5087,7509,96
5088,7510,135
5089,7511,91
5090,7512,84
5091,7513,121
5092,7514,109
5093,7515,74
5094,7516,94
5095,7517,105
5096,7518,97
5097,7519,102
5098,7520,86
5099,7521,88
5100,7523,90
5101,7524,131
5102,7525,158
5103,7526,85
5104,7527,110
5105,7528,79
5106,7531,185
5107,7532,80
5108,7533,116
5109,7534,95
5110,7535,99
5111,7536,77
5112,7537,91
5113,7538,115
5114,7540,68
5115,7542,72
5116,7543,73
5117,7544,104
5118,7545,90
5119,7546,99
5120,7547,109
5121,7549,108
5122,7550,99
5123,7551,99
5124,7553,88
5125,7554,92
5126,7555,73
5127,7556,85
5128,7557,91
5129,7558,171
5130,7559,80
5131,7560,102
5132,7561,76
5133,7562,92
5134,7563,82
5135,7564,42
5136,7565,131
5137,7566,165
5138,7567,91
5139,7568,101
5140,7571,53
5141,7576,59
5142,7578,108
5143,7579,89
5144,7580,91
5145,7581,84
5146,7582,96
5147,7583,124
5148,7584,87
5149,7585,113
5150,7586,118
5151,7588,97
5152,7591,161
5153,7592,116
5154,7593,104
5155,7595,89
5156,7596,92
5157,7597,90
5158,7599,50
5159,7600,53
5160,7601,113
5161,7602,53
5162,7603,54
5163,7604,53
5164,7605,54
5165,7606,113
5166,7607,53
5167,7608,53
5168,7609,53
5169,7610,54
5170,7611,54
5171,7612,52
5172,7613,54
5173,7614,54
5174,7615,53
5175,7616,53
5176,7617,53
5177,7618,113
5178,7619,53
5179,7620,86
5180,7621,102
5181,7622,114
5182,7623,99
5183,7626,55
5184,7627,91
5185,7631,117
5186,7632,124
5187,7634,122
5188,7635,84
5189,7636,84
5190,7637,120
5191,7638,127
5192,7639,122
5193,7640,125
5194,7642,107
5195,7643,91
5196,7644,103
5197,7645,103
5198,7646,106
5199,7648,102
5200,7651,97
5201,7652,89
5202,7653,92
5203,7654,107
5204,7655,86
5205,7656,70
5206,7657,66
5207,7658,72
5208,7659,111
5209,7660,166
5210,7661,135
5211,7662,92
5212,7663,87
5213,7664,92
5214,7665,89
5215,7666,93
5216,7668,90
5217,7669,76
5218,7670,86
5219,7671,111
5220,7673,124
5221,7674,93
5222,7677,139
5223,7678,91
5224,7679,86
5225,7681,122
5226,7682,96
5227,7683,88
5228,7684,93
5229,7685,90
5230,7686,103
5231,7687,102
5232,7688,105
5233,7689,117
5234,7691,126
5235,7692,89
5236,7693,82
5237,7695,82
5238,7696,98
5239,7697,96
5240,7698,108
5241,7700,91
5242,7701,163
5243,7702,112
5244,7703,137
5245,7704,89
5246,7705,86
5247,7707,187
5248,7708,109
5249,7709,77
5250,7712,84
5251,7713,140
5252,7714,68
5253,7715,117
5254,7716,105
5255,7717,91
5256,7718,104
5257,7720,114
5258,7721,112
5259,7723,48
5260,7724,95
5261,7725,89
5262,7727,108
5263,7728,72
5264,7729,109
5265,7731,105
5266,7732,92
5267,7733,95
5268,7734,108
5269,7735,85
5270,7736,126
5271,7737,118
5272,7738,125
5273,7739,112
5274,7740,96
5275,7741,81
5276,7742,81
5277,7743,92
5278,7745,127
5279,7746,81
5280,7747,133
5281,7750,81
5282,7751,108
5283,7752,120
5284,7753,149
5285,7754,92
5286,7755,96
5287,7756,114
5288,7758,77
5289,7759,90
5290,7775,24
5291,7776,46
5292,7777,24
5293,7779,55
5294,7781,24
5295,7782,23
5296,7788,24
5297,7789,24
5298,7790,106
5299,7791,52
5300,7792,127
5301,7793,86
5302,7794,131
5303,7795,93
5304,7797,97
5305,7798,84
5306,7800,83
5307,7802,165
5308,7803,154
5309,7804,158
5310,7805,89
5311,7806,149
5312,7808,96
5313,7810,106
5314,7812,128
5315,7815,98
5316,7817,99
5317,7818,113
5318,7819,71
5319,7820,83
5320,7821,129
5321,7822,117
5322,7823,93
5323,7824,124
5324,7825,177
5325,7826,104
5326,7827,113
5327,7828,178
5328,7830,90
5329,7831,154
5330,7832,122
5331,7833,115
5332,7834,126
5333,7835,88
5334,7837,99
5335,7838,144
5336,7840,111
5337,7842,73
5338,7844,81
5339,7845,114
5340,7846,112
5341,7847,80
5342,7849,24
5343,7850,100
5344,7852,96
5345,7853,88
5346,7854,95
5347,7855,112
5348,7856,112
5349,7858,97
5350,7859,97
5351,7860,94
5352,7861,97
5353,7862,118
5354,7864,95
5355,7866,120
5356,7867,84
5357,7869,101
5358,7870,103
5359,7872,83
5360,7874,107
5361,7875,136
5362,7876,96
5363,7877,45
5364,7878,92
5365,7880,120
5366,7881,119
5367,7882,100
5368,7883,92
5369,7884,104
5370,7885,93
5371,7886,98
5372,7887,80
5373,7888,79
5374,7889,122
5375,7890,118
5376,7891,89
5377,7892,26
5378,7894,62
5379,7895,137
5380,7896,121
5381,7899,103
5382,7900,92
5383,7901,89
5384,7902,97
5385,7903,134
5386,7904,116
5387,7905,110
5388,7906,88
5389,7908,93
5390,7910,72
5391,7911,141
5392,7912,82
5393,7913,117
5394,7914,118
5395,7915,91
5396,7916,105
5397,7917,94
5398,7918,137
5399,7920,61
5400,7921,86
5401,7922,118
5402,7923,173
5403,7924,152
5404,7925,99
5405,7926,110
5406,7927,116
5407,7928,107
5408,7929,109
5409,7930,65
5410,7931,32
5411,7932,122
5412,7933,228
5413,7934,86
5414,7935,72
5415,7936,102
5416,7937,140
5417,7938,145
5418,7939,126
5419,7940,133
5420,7941,141
5421,7942,78
5422,7944,150
5423,7945,153
5424,7946,83
5425,7947,95
5426,7948,93
5427,7950,126
5428,7951,95
5429,7952,99
5430,7953,93
5431,7955,93
5432,7956,88
5433,7957,88
5434,7958,195
5435,7959,120
5436,7960,77
5437,7961,112
5438,7962,121
5439,7963,117
5440,7964,90
5441,7965,110
5442,7966,86
5443,7967,95
5444,7968,101
5445,7970,111
5446,7971,54
5447,7972,54
5448,7973,54
5449,7974,55
5450,7975,54
5451,7976,55
5452,7977,55
5453,7978,55
5454,7979,55
5455,7980,55
5456,7981,102
5457,7982,106
5458,7984,69
5459,7986,85
5460,7987,146
5461,7988,145
5462,7989,103
5463,7990,111
5464,7991,125
5465,7993,115
5466,7995,168
5467,7996,109
5468,7997,148
5469,7998,92
5470,7999,91
5471,8000,135
5472,8001,71
5473,8002,112
5474,8004,128
5475,8005,168
5476,8006,45
5477,8007,75
5478,8008,71
5479,8009,122
5480,8010,97
5481,8011,89
5482,8012,98
5483,8013,115
5484,8014,96
5485,8015,119
5486,8017,105
5487,8018,88
5488,8019,94
5489,8020,77
5490,8024,143
5491,8025,127
5492,8026,92
5493,8027,87
5494,8028,83
5495,8029,95
5496,8030,96
5497,8033,107
5498,8034,100
5499,8035,49
5500,8036,94
5501,8037,101
5502,8038,89
5503,8039,135
5504,8040,107
5505,8042,84
5506,8043,110
5507,8044,95
5508,8045,66
5509,8046,83
5510,8047,86
5511,8048,137
5512,8049,87
5513,8050,142
5514,8051,94
5515,8052,135
5516,8053,135
5517,8054,104
5518,8055,97
5519,8056,128
5520,8057,109
5521,8058,73
5522,8060,106
5523,8061,94
5524,8062,85
5525,8064,98
5526,8066,96
5527,8067,75
5528,8068,139
5529,8069,117
5530,8070,95
5531,8072,129
5532,8073,94
5533,8074,112
5534,8075,88
5535,8076,100
5536,8077,83
5537,8078,93
5538,8079,103
5539,8080,88
5540,8081,86
5541,8082,88
5542,8083,152
5543,8085,106
5544,8087,52
5545,8088,98
5546,8089,89
5547,8090,86
5548,8091,106
5549,8092,100
5550,8093,91
5551,8096,113
5552,8097,100
5553,8099,132
5554,8100,96
5555,8101,96
5556,8102,113
5557,8104,95
5558,8105,85
5559,8106,106
5560,8107,117
5561,8109,123
5562,8111,78
5563,8112,95
5564,8113,135
5565,8114,130
5566,8115,115
5567,8116,114
5568,8117,107
5569,8119,93
5570,8120,94
5571,8121,85
5572,8123,63
5573,8124,104
5574,8125,127
5575,8127,113
5576,8128,91
5577,8129,154
5578,8131,82
5579,8132,98
5580,8134,103
5581,8135,86
5582,8136,92
5583,8137,123
5584,8139,116
5585,8140,93
5586,8141,97
5587,8142,108
5588,8143,101
5589,8145,177
5590,8146,95
5591,8147,97
5592,8150,111
5593,8151,81
5594,8152,89
5595,8153,72
5596,8154,112
5597,8155,48
5598,8156,81
5599,8157,137
5600,8158,89
5601,8159,87
5602,8160,88
5603,8161,94
5604,8162,125
5605,8163,67
5606,8164,108
5607,8165,102
5608,8167,109
5609,8168,115
5610,8169,98
5611,8170,84
5612,8171,133
5613,8172,121
5614,8177,100
5615,8178,117
5616,8179,78
5617,8180,87
5618,8182,88
5619,8184,93
5620,8185,107
5621,8186,99
5622,8187,140
5623,8188,113
5624,8189,89
5625,8191,97
5626,8192,97
5627,8193,108
5628,8195,80
5629,8196,90
5630,8197,117
5631,8198,95
5632,8199,86
5633,8201,100
5634,8202,87
5635,8203,101
5636,8204,83
5637,8205,89
5638,8206,18
5639,8211,72
5640,8212,95
5641,8213,95
5642,8214,98
5643,8216,59
5644,8218,118
5645,8219,98
5646,8220,111
5647,8221,116
5648,8222,97
5649,8223,95
5650,8224,122
5651,8225,95
5652,8226,93
5653,8227,107
5654,8228,119
5655,8229,119
5656,8230,97
5657,8231,96
5658,8232,103
5659,8233,96
5660,8234,106
5661,8235,109
5662,8237,112
5663,8238,96
5664,8239,60
5665,8240,113
5666,8241,126
5667,8242,109
5668,8243,93
5669,8245,101
5670,8246,111
5671,8247,107
5672,8248,100
5673,8249,92
5674,8250,103
5675,8252,105
5676,8253,103
5677,8254,101
5678,8255,123
5679,8256,114
5680,8257,101
5681,8259,99
5682,8260,102
5683,8261,66
5684,8262,112
5685,8264,101
5686,8265,99
5687,8266,105
5688,8267,93
5689,8268,121
5690,8269,75
5691,8270,95
5692,8271,100
5693,8273,151
5694,8274,78
5695,8275,85
5696,8276,69
5697,8277,84
5698,8279,88
5699,8280,86
5700,8281,121
5701,8282,99
5702,8284,110
5703,8285,104
5704,8286,95
5705,8287,96
5706,8289,106
5707,8290,112
5708,8291,85
5709,8292,107
5710,8293,76
5711,8295,95
5712,8296,88
5713,8297,116
5714,8298,121
5715,8299,82
5716,8300,87
5717,8301,46
5718,8302,103
5719,8304,97
5720,8305,91
5721,8306,91
5722,8307,101
5723,8308,104
5724,8309,92
5725,8310,113
5726,8311,89
5727,8313,115
5728,8314,84
5729,8315,106
5730,8318,124
5731,8319,83
5732,8320,107
5733,8321,158
5734,8323,95
5735,8324,97
5736,8325,97
5737,8326,89
5738,8327,161
5739,8328,205
5740,8329,123
5741,8330,190
5742,8331,136
5743,8333,161
5744,8334,133
5745,8336,119
5746,8338,94
5747,8339,85
5748,8340,108
5749,8341,71
5750,8342,147
5751,8343,88
5752,8344,99
5753,8345,96
5754,8346,97
5755,8347,92
5756,8349,79
5757,8351,53
5758,8352,94
5759,8353,123
5760,8355,103
5761,8356,111
5762,8357,123
5763,8359,100
5764,8360,75
5765,8361,118
5766,8362,96
5767,8363,108
5768,8364,99
5769,8365,103
5770,8366,99
5771,8368,100
5772,8370,105
5773,8371,52
5774,8373,106
5775,8375,90
5776,8376,95
5777,8378,118
5778,8381,98
5779,8382,86
5780,8383,84
5781,8384,93
5782,8385,88
5783,8386,131
5784,8387,44
5785,8388,96
5786,8389,70
5787,8390,88
5788,8391,87
5789,8392,118
5790,8394,89
5791,8395,85
5792,8396,107
5793,8397,138
5794,8399,119
5795,8400,93
5796,8401,87
5797,8402,121
5798,8403,95
5799,8404,103
5800,8405,201
5801,8406,179
5802,8407,87
5803,8408,98
5804,8409,82
5805,8410,85
5806,8411,90
5807,8413,68
5808,8414,138
5809,8415,136
5810,8416,138
5811,8417,129
5812,8418,116
5813,8419,130
5814,8420,40
5815,8421,94
5816,8426,104
5817,8427,91
5818,8428,70
5819,8431,104
5820,8433,115
5821,8434,85
5822,8435,85
5823,8436,138
5824,8437,40
5825,8439,82
5826,8441,90
5827,8442,99
5828,8444,91
5829,8445,106
5830,8446,108
5831,8447,94
5832,8448,87
5833,8449,124
5834,8450,141
5835,8451,93
5836,8452,103
5837,8453,141
5838,8454,155
5839,8455,93
5840,8456,78
5841,8457,118
5842,8458,88
5843,8459,140
5844,8460,124
5845,8461,110
5846,8462,100
5847,8463,96
5848,8464,116
5849,8465,91
5850,8466,111
5851,8467,98
5852,8468,125
5853,8469,76
5854,8470,117
5855,8471,90
5856,8473,119
5857,8474,136
5858,8476,52
5859,8478,81
5860,8479,77
5861,8480,120
5862,8481,102
5863,8482,90
5864,8484,90
5865,8485,92
5866,8486,93
5867,8487,116
5868,8488,107
5869,8489,87
5870,8490,111
5871,8492,101
5872,8493,91
5873,8494,103
5874,8495,120
5875,8496,90
5876,8497,92
5877,8498,99
5878,8499,124
5879,8500,111
5880,8501,32
5881,8502,86
5882,8503,104
5883,8505,123
5884,8506,105
5885,8507,97
5886,8508,97
5887,8509,90
5888,8510,163
5889,8512,121
5890,8513,120
5891,8514,95
5892,8515,84
5893,8516,94
5894,8517,94
5895,8518,122
5896,8521,90
5897,8522,91
5898,8523,89
5899,8525,98
5900,8526,106
5901,8527,139
5902,8528,83
5903,8529,96
5904,8530,94
5905,8531,58
5906,8532,96
5907,8533,107
5908,8535,104
5909,8536,94
5910,8537,108
5911,8538,91
5912,8539,58
5913,8541,99
5914,8543,96
5915,8544,93
5916,8547,106
5917,8548,103
5918,8549,91
5919,8551,98
5920,8553,111
5921,8554,112
5922,8555,90
5923,8556,101
5924,8557,98
5925,8559,92
5926,8560,88
5927,8562,47
5928,8563,100
5929,8564,114
5930,8565,128
5931,8566,53
5932,8567,89
5933,8569,83
5934,8570,85
5935,8571,94
5936,8572,104
5937,8573,89
5938,8574,86
5939,8577,107
5940,8578,77
5941,8579,123
5942,8580,122
5943,8581,131
5944,8582,77
5945,8583,125
5946,8584,125
5947,8585,88
5948,8586,96
5949,8587,93
5950,8588,42
5951,8590,108
5952,8591,151
5953,8592,125
5954,8595,78
5955,8596,97
5956,8598,84
5957,8599,108
5958,8602,89
5959,8603,60
5960,8604,119
5961,8607,87
5962,8608,104
5963,8609,94
5964,8611,94
5965,8612,130
5966,8613,88
5967,8614,118
5968,8615,94
5969,8616,114
5970,8617,119
5971,8618,114
5972,8619,94
5973,8620,82
5974,8621,82
5975,8622,96
5976,8623,100
5977,8624,104
5978,8625,101
5979,8626,99
5980,8627,98
5981,8628,100
5982,8629,134
5983,8630,173
5984,8631,113
5985,8632,91
5986,8633,110
5987,8635,90
5988,8636,128
5989,8637,108
5990,8638,124
5991,8639,89
5992,8640,162
5993,8641,76
5994,8642,96
5995,8643,102
5996,8644,53
5997,8646,86
5998,8648,89
5999,8649,80
6000,8650,95
6001,8651,78
6002,8652,90
6003,8653,125
6004,8655,94
6005,8656,90
6006,8657,104
6007,8658,40
6008,8659,108
6009,8660,94
6010,8661,61
6011,8662,94
6012,8663,105
6013,8664,83
6014,8665,110
6015,8666,121
6016,8667,95
6017,8668,130
6018,8669,132
6019,8671,90
6020,8672,117
6021,8673,130
6022,8674,78
6023,8675,106
6024,8676,110
6025,8677,91
6026,8678,113
6027,8679,101
6028,8681,125
6029,8682,116
6030,8683,106
6031,8684,113
6032,8686,99
6033,8687,130
6034,8688,120
6035,8689,94
6036,8690,94
6037,8692,109
6038,8693,94
6039,8694,96
6040,8695,103
6041,8696,109
6042,8697,147
6043,8698,98
6044,8699,73
6045,8700,92
6046,8702,78
6047,8703,68
6048,8704,96
6049,8705,83
6050,8706,91
6051,8707,93
6052,8708,38
6053,8709,94
6054,8710,91
6055,8712,95
6056,8714,124
6057,8715,73
6058,8716,108
6059,8717,84
6060,8718,93
6061,8719,96
6062,8720,102
6063,8723,130
6064,8724,52
6065,8725,91
6066,8726,110
6067,8728,75
6068,8729,103
6069,8730,89
6070,8731,86
6071,8732,97
6072,8733,89
6073,8734,91
6074,8735,78
6075,8736,90
6076,8738,50
6077,8739,84
6078,8740,82
6079,8743,106
6080,8744,105
6081,8745,105
6082,8746,100
6083,8747,85
6084,8749,86
6085,8751,100
6086,8752,106
6087,8753,108
6088,8754,74
6089,8755,109
6090,8757,97
6091,8758,129
6092,8760,49
6093,8761,93
6094,8762,133
6095,8763,140
6096,8764,45
6097,8765,191
6098,8766,81
6099,8767,124
6100,8768,101
6101,8769,106
6102,8770,137
6103,8771,171
6104,8772,132
6105,8773,147
6106,8774,151
6107,8775,97
6108,8777,90
6109,8778,111
6110,8779,112
6111,8780,107
6112,8782,96
6113,8783,88
6114,8785,78
6115,8787,87
6116,8788,85
6117,8789,157
6118,8790,116
6119,8791,113
6120,8792,94
6121,8793,81
6122,8794,88
6123,8795,98
6124,8799,131
6125,8800,120
6126,8802,96
6127,8803,158
6128,8805,88
6129,8806,88
6130,8807,111
